angle_deg,shared_amplitude,checkerboard_amplitude
-85,0.0257812317735929,0.0508881152913032
-84.95,0.0257522028159904,0.0508412053103253
-84.9,0.0257225015555974,0.0507930523759915
-84.85,0.0256921171020733,0.0507436339277506
-84.8,0.0256610384883565,0.0506929272193105
-84.75,0.0256292546719659,0.0506409093205428
-84.7,0.0255967545363309,0.0505875571194446
-84.65,0.0255635268921538,0.0505328473241624
-84.6,0.0255295604788049,0.0504767564650695
-84.55,0.0254948439657487,0.0504192608969176
-84.5,0.0254593659540045,0.0503603368010354
-84.45,0.0254231149776409,0.0502999601876039
-84.4,0.0253860795053034,0.0502381068979914
-84.35,0.0253482479417752,0.0501747526071526
-84.3,0.0253096086295766,0.0501098728261002
-84.25,0.0252701498505974,0.0500434429044415
-84.2,0.0252298598277675,0.0499754380329822
-84.15,0.0251887267267551,0.0499058332464069
-84.1,0.0251467386577184,0.0498346034260267
-84.05,0.0251038836770775,0.0497617233025998
-84,0.0250601497893339,0.0496871674592278
-83.95,0.0250155249489255,0.0496109103343284
-83.9,0.024969997062122,0.0495329262246796
-83.85,0.0249235539889524,0.0494531892885445
-83.8,0.0248761835451837,0.0493716735488768
-83.75,0.0248278735043303,0.0492883528966008
-83.7,0.0247786115997055,0.0492032010939765
-83.65,0.0247283855265164,0.0491161917780447
-83.6,0.0246771829439973,0.0490272984641533
-83.55,0.0246249914775915,0.0489364945495778
-83.5,0.0245717987211579,0.048843753317206
-83.45,0.0245175922392451,0.0487490479393385
-83.4,0.0244623595693875,0.0486523514815475
-83.35,0.0244060882244532,0.0485536369066461
-83.3,0.0243487656950362,0.0484528770787367
-83.25,0.0242903794518904,0.0483500447673523
-83.2,0.0242309169484088,0.0482451126516906
-83.15,0.0241703656231491,0.048138053324942
-83.1,0.0241087129023988,0.0480288392987102
-83.05,0.0240459462027946,0.0479174430075294
-83,0.0239820529339813,0.0478038368134779
-82.95,0.0239170205013166,0.047687993010887
-82.9,0.0238508363086274,0.0475698838311528
-82.85,0.0237834877610089,0.0474494814476424
-82.8,0.0237149622676727,0.047326757980706
-82.75,0.0236452472448398,0.0472016855027868
-82.7,0.0235743301186856,0.047074236043633
-82.65,0.0235021983283304,0.0469443815956199
-82.6,0.0234288393288782,0.0468120941191699
-82.55,0.0233542405945039,0.0466773455482791
-82.5,0.0232783896215896,0.0465401077961525
-82.45,0.0232012739319147,0.0464003527609497
-82.4,0.0231228810758855,0.0462580523316316
-82.35,0.0230431986358222,0.046113178393922
-82.3,0.0229622142292944,0.0459657028363793
-82.25,0.0228799155125036,0.0458155975565771
-82.2,0.0227962901837198,0.0456628344673996
-82.15,0.022711325986764,0.0455073855034463
-82.1,0.0226250107145453,0.0453492226275566
-82.05,0.0225373322126455,0.0451883178374396
-82,0.0224482783829571,0.045024643172431
-81.95,0.0223578371873673,0.0448581707203538
-81.9,0.0222659966515011,0.0446888726245089
-81.85,0.0221727448685055,0.0445167210907708
-81.8,0.0220780700028908,0.0443416883948083
-81.75,0.0219819602944248,0.0441637468894256
-81.7,0.0218844040620698,0.0439828690120182
-81.65,0.0217853897079789,0.0437990272921506
-81.6,0.021684905721539,0.0436121943592579
-81.55,0.0215829406834669,0.0434223429504646
-81.5,0.0214794832699522,0.0432294459185256
-81.45,0.0213745222568573,0.0430334762398918
-81.4,0.0212680465239629,0.0428344070228987
-81.35,0.0211600450592671,0.0426322115160743
-81.3,0.0210505069633313,0.0424268631165744
-81.25,0.0209394214536842,0.0422183353787398
-81.2,0.0208267778692622,0.0420066020227792
-81.15,0.0207125656749165,0.0417916369435747
-81.1,0.0205967744659565,0.041573414219614
-81.05,0.0204793939727476,0.0413519081220439
-81,0.020360414065361,0.0411270931238572
-80.95,0.0202398247582659,0.0408989439091928
-80.9,0.0201176162150731,0.0406674353827715
-80.85,0.0199937787533314,0.0404325426794506
-80.8,0.0198683028493638,0.0401942411739085
-80.75,0.0197411791431523,0.0399525064904491
-80.7,0.0196123984432791,0.039707314512937
-80.65,0.0194819517318985,0.0394586413948537
-80.6,0.0193498301697697,0.0392064635694789
-80.55,0.0192160251013247,0.0389507577601986
-80.5,0.0190805280597859,0.0386915009909358
-80.45,0.0189433307723243,0.0384286705967015
-80.4,0.0188044251652695,0.0381622442342783
-80.35,0.0186638033693486,0.0378921998930155
-80.3,0.0185214577249824,0.0376185159057555
-80.25,0.0183773807876153,0.0373411709598784
-80.2,0.0182315653330828,0.0370601441084633
-80.15,0.0180840043630293,0.0367754147815805
-80.1,0.017934691110356,0.0364869627976936
-80.05,0.0177836190447095,0.036194768375185
-80,0.017630781878014,0.0358988121439984
-79.95,0.0174761735700298,0.0355990751573964
-79.9,0.0173197883339561,0.0352955389038363
-79.85,0.0171616206420647,0.0349881853189625
-79.8,0.017001665231369,0.034676996797706
-79.75,0.0168399171093228,0.0343619562065022
-79.7,0.0166763715595537,0.0340430468956173
-79.65,0.0165110241476299,0.0337202527115843
-79.6,0.0163438707268452,0.0333935580097481
-79.55,0.0161749074440475,0.0330629476669183
-79.5,0.0160041307454792,0.0327284070941209
-79.45,0.0158315373826556,0.032389922249463
-79.4,0.0156571244182596,0.0320474796510923
-79.35,0.0154808892320645,0.0317010663902585
-79.3,0.0153028295268725,0.0313506701444683
-79.25,0.01512294333448,0.0309962791907489
-79.2,0.0149412290216601,0.0306378824189876
-79.15,0.0147576852961547,0.0302754693453775
-79.1,0.0145723112126936,0.0299090301259417
-79.05,0.0143851061790225,0.0295385555701578
-79,0.0141960699619422,0.0291640371546508
-78.95,0.0140052026933551,0.0287854670369782
-78.9,0.0138125048763363,0.0284028380694949
-78.85,0.0136179773911892,0.0280161438132877
-78.8,0.0134216215015276,0.0276253785521932
-78.75,0.0132234388603459,0.0272305373068756
-78.7,0.0130234315161027,0.026831615848983
-78.65,0.0128216019187958,0.0264286107153621
-78.6,0.0126179529260382,0.0260215192223361
-78.55,0.0124124878091304,0.0256103394800391
-78.5,0.0122052102591289,0.0251950704068147
-78.45,0.0119961243928982,0.02477571174365
-78.4,0.0117852347591606,0.0243522640686734
-78.35,0.0115725463445335,0.0239247288116872
-78.3,0.0113580645795402,0.0234931082687419
-78.25,0.0111417953446192,0.0230574056167516
-78.2,0.0109237449761042,0.0226176249281364
-78.15,0.0107039202721837,0.0221737711854965
-78.1,0.0104823284988386,0.0217258502963096
-78.05,0.0102589773957484,0.0212738691076464
-78,0.0100338751821766,0.0208178354209069
-77.95,0.00980703056281189,0.0203577580065598
-77.9,0.00957845273358679,0.0198936466188959
-77.85,0.00934815138745291,0.0194255120107752
-77.8,0.00911613672011598,0.0189533659483804
-77.75,0.00888241943573067,0.0184772212259502
-77.7,0.00864701075255107,0.0179970916805096
-77.65,0.0084099224085271,0.0175129922065751
-77.6,0.00817116666685624,0.017024938770835
-77.55,0.0079307563214814,0.0165329484268097
-77.5,0.00768870470252341,0.0160370393294625
-77.45,0.00744502568166663,0.0155372307497817
-77.4,0.00719973367746778,0.015033543089309
-77.35,0.00695284366061048,0.0145259978946186
-77.3,0.00670437115908475,0.0140146178717385
-77.25,0.00645433226329264,0.0134994269005019
-77.2,0.00620274363108231,0.0129804500488328
-77.15,0.00594962249270316,0.0124577135869535
-77.1,0.0056949866556735,0.011931245001504
-77.05,0.00543885450957163,0.0114010730095777
-77,0.00518124503072911,0.0108672275726552
-76.95,0.00492217778683602,0.010329739910431
-76.9,0.00466167294145308,0.00978864251453542
-76.85,0.00439975125841839,0.00924396916213824
-76.8,0.00413643410615679,0.00869575492941919
-76.75,0.00387174346188132,0.00814403620491459
-76.7,0.00360570191568171,0.00758885070271589
-76.65,0.00333833267450359,0.00703023747552693
-76.6,0.00306965956601125,0.00646823692756202
-76.55,0.0027997070423232,0.00590289082728263
-76.5,0.00252850018362788,0.00533424231995747
-76.45,0.00225606470167235,0.0047623359400536
-76.4,0.00198242694311312,0.00418721762342574
-76.35,0.0017076138927386,0.00360893471932655
-76.3,0.00143165317654079,0.00302753600219688
-76.25,0.00115457306465657,0.00244307168325659
-76.2,0.000876402474150094,0.00185559342186177
-76.15,0.00059717097164694,0.00126515433664214
-76.1,0.000316908775819874,0.000671809016398383
-76.05,3.56467596978993e-05,7.56135307408734e-05
-76,0.000246583547166849,0.000523374559510874
-75.95,0.000529749956720008,0.00112509619220793
-75.9,0.000813819620579598,0.00172949079402317
-75.85,0.00109875902840371,0.00233649627088439
-75.8,0.00138453400642293,0.00294604899870501
-75.75,0.00167110971616723,0.00355808381441405
-75.7,0.00195845065337391,0.0041725340073016
-75.65,0.00224652064709611,0.0047893313106907
-75.6,0.00253528285899598,0.00540840589393414
-75.55,0.00282469978284955,0.00602968635475849
-75.5,0.00311473324424936,0.00665309971195924
-75.45,0.00340534440051786,0.00727857139846079
-75.4,0.00369649374083675,0.00790602525474679
-75.35,0.00398814108658665,0.00853538352267133
-75.3,0.00428024559191243,0.00916656683966784
-75.25,0.00457276574451913,0.00979949423336386
-75.2,0.00486565936668394,0.0104340831165971
-75.15,0.00515888361651473,0.0110702492828709
-75.1,0.00545239498943992,0.0117079069022403
-75.05,0.00574614931994171,0.0123469685176353
-75,0.00604010178353777,0.0129873450416573
-74.95,0.00633420689900754,0.0136289457538241
-74.9,0.00662841853087754,0.0142716782983078
-74.85,0.0069226898921661,0.0149154486821591
-74.8,0.00721697354738342,0.0155601612740189
-74.75,0.00751122141580696,0.0162057188033599
-74.7,0.00780538477501986,0.016852022360238
-74.65,0.00809941426472885,0.0174989713955775
-74.6,0.00839325989085564,0.0181464637220018
-74.55,0.00868687102991558,0.0187943955152222
-74.5,0.00898019643367861,0.0194426613159857
-74.45,0.00927318423412025,0.0200911540326058
-74.4,0.00956578194866906,0.0207397649440805
-74.35,0.00985793648574818,0.0213883837038069
-74.3,0.0101495941506194,0.0220368983439066
-74.25,0.0104407006515302,0.0226851952801765
-74.2,0.0107312011061723,0.0233331593176683
-74.15,0.0110210400484502,0.0239806736569113
-74.1,0.0113101614355607,0.0246276199007924
-74.05,0.011598508655399,0.0252738780621012
-74,0.0118860245342806,0.0259193265717484
-73.95,0.0121726513449902,0.0265638422876778
-73.9,0.0124583308151592,0.0272073005044698
-73.85,0.0127430041359735,0.0278495749636569
-73.8,0.0130266119712179,0.0284905378647675
-73.75,0.0133090944666561,0.0291300598770796
-73.7,0.01359039125975,0.0297680101521417
-73.65,0.0138704414897242,0.0304042563370219
-73.6,0.0141491838079767,0.0310386645883376
-73.55,0.0144265563888363,0.0316710995870471
-73.5,0.0147024969406694,0.0323014245540273
-73.45,0.0149769427173428,0.032929501266444
-73.4,0.0152498305300417,0.0335551900749285
-73.35,0.0155210967594435,0.0341783499215577
-73.3,0.0157906773682522,0.0347988383586724
-73.25,0.0160585079140976,0.0354165115685129
-73.2,0.0163245235627902,0.0360312243837059
-73.15,0.0165886591019496,0.0366428303085968
-73.1,0.0168508489549965,0.0372511815414492
-73.05,0.0171110271955083,0.0378561289975044
-73,0.0173691275619553,0.0384575223329322
-72.95,0.0176250834727941,0.0390552099696516
-72.9,0.0178788280419456,0.0396490391210636
-72.85,0.018130294094634,0.040238855818677
-72.8,0.0183794141836084,0.0408245049396488
-72.75,0.0186261206057341,0.0414058302352433
-72.7,0.0188703454189569,0.0419826743602211
-72.65,0.0191120204596469,0.0425548789031564
-72.6,0.019351077360311,0.0431222844177009
-72.55,0.0195874475676868,0.0436847304547946
-72.5,0.0198210623612047,0.0442420555958298
-72.45,0.0200518528718279,0.0447940974867739
-72.4,0.0202797501012656,0.0453406928732658
-72.35,0.0205046849415565,0.0458816776366779
-72.3,0.0207265881950276,0.0464168868311574
-72.25,0.0209453905946204,0.0469461547216564
-72.2,0.0211610228245896,0.0474693148229391
-72.15,0.0213734155415656,0.0479861999395884
-72.1,0.0215824993959878,0.0484966422070069
-72.05,0.021788205053898,0.0490004731334182
-72,0.0219904632190979,0.049497523642866
-71.95,0.0221892046556652,0.0499876241192246
-71.9,0.0223843602108282,0.0504706044512153
-71.85,0.0225758608381945,0.0509462940784355
-71.8,0.0227636376213272,0.0514145220383927
-71.75,0.0229476217976768,0.0518751170145609
-71.7,0.0231277447828501,0.0523279073854475
-71.65,0.0233039381952241,0.0527727212746691
-71.6,0.023476133880896,0.0532093866020501
-71.55,0.0236442639389665,0.0536377311357346
-71.5,0.0238082607471522,0.0540575825453015
-71.45,0.0239680569877173,0.0544687684559033
-71.4,0.0241235856737327,0.054871116503409
-71.35,0.0242747801756411,0.0552644543905479
-71.3,0.0244215742481341,0.0556486099440717
-71.25,0.0245639020573318,0.0560234111729016
-71.2,0.0247016982082583,0.0563886863272817
-71.15,0.0248348977726106,0.0567442639589205
-71.1,0.0249634363168093,0.0570899729821199
-71.05,0.0250872499303243,0.0574256427358813
-71,0.0252062752542814,0.0577511030469914
-70.95,0.025320449510318,0.0580661842940737
-70.9,0.0254297105297095,0.0583707174725972
-70.85,0.0255339967827308,0.0586645342608385
-70.8,0.0256332474082671,0.058947467086786
-70.75,0.0257274022436545,0.0592193491959841
-70.7,0.0258164018547384,0.0594800147202881
-70.65,0.0259001875661569,0.0597292987475437
-70.6,0.0259787014918181,0.0599670373921605
-70.55,0.0260518865655823,0.0601930678665802
-70.5,0.0261196865721239,0.0604072285536145
-70.45,0.0261820461779726,0.0606093590796559
-70.4,0.0262389109627219,0.0607993003887274
-70.35,0.0262902274503889,0.0609768948173745
-70.3,0.0263359431409187,0.0611419861703697
-70.25,0.0263760065418273,0.0612944197972242
-70.2,0.0264103671999613,0.0614340426694828
-70.15,0.0264389757333672,0.0615607034587885
-70.1,0.0264617838632621,0.0616742526156907
-70.05,0.026478744446089,0.0617745424491908
-70,0.0264898115056443,0.061861427206996
-69.95,0.026494940265265,0.0619347631564551
-69.9,0.0264940871800638,0.0619944086661727
-69.85,0.0264872099692016,0.0620402242882642
-69.8,0.026474267648171,0.0620720728412251
-69.75,0.0264552205610945,0.0620898194934148
-69.7,0.026430030413012,0.0620933318470987
-69.65,0.0263986603021405,0.0620824800230478
-69.6,0.0263610747521015,0.0620571367456524
-69.55,0.0263172397440932,0.0620171774285374
-69.5,0.0262671227489975,0.0619624802606389
-69.45,0.0262106927593948,0.0618929262927207
-69.4,0.0261479203214892,0.0618083995242959
-69.35,0.0260787775669111,0.0617087869909283
-69.3,0.0260032382443874,0.0615939788518812
-69.25,0.0259212777512643,0.0614638684780722
-69.2,0.0258328731648638,0.0613183525403193
-69.15,0.0257380032736591,0.061157331097826
-69.1,0.0256366486082369,0.0609807076868789
-69.05,0.0255287914720611,0.0607883894097271
-69,0.0254144159719794,0.060580287023596
-68.95,0.0252935080484918,0.0603563150298073
-68.9,0.0251660555057325,0.0601163917629581
-68.85,0.0250320480411703,0.0598604394801351
-68.8,0.0248914772749916,0.0595883844501046
-68.75,0.0247443367791568,0.0593001570424548
-68.7,0.0245906221061054,0.0589956918166371
-68.65,0.0244303308170966,0.0586749276108714
-68.6,0.0242634625101576,0.0583378076308673
-68.55,0.024090018847623,0.0579842795383208
-68.5,0.0239100035832543,0.0576142955391418
-68.45,0.0237234225889027,0.0572278124713609
-68.4,0.0235302838807046,0.0568247918926773
-68.35,0.0233305976447924,0.0564052001675933
-68.3,0.0231243762624952,0.0559690085540935
-68.25,0.022911634335001,0.0555161932898158
-68.2,0.0226923887074805,0.0550467356776649
-68.15,0.022466658492629,0.0545606221708196
-68.1,0.0222344650936169,0.0540578444570809
-68.05,0.0219958322264297,0.0535383995425125
-68,0.0217507859415653,0.0530022898343159
-67.95,0.0214993546450822,0.0524495232228888
-67.9,0.0212415691189593,0.0518801131630127
-67.85,0.0209774625407636,0.0512940787541235
-67.8,0.0207070705025937,0.0506914448195892
-67.75,0.0204304310292777,0.0500722419849582
-67.7,0.0201475845958054,0.0494365067551116
-67.65,0.0198585741439799,0.0487842815902686
-67.6,0.0195634450982556,0.048115614980777
-67.55,0.0192622453807457,0.047430561520639
-67.5,0.018955025425382,0.0467291819797114
-67.45,0.0186418381911974,0.0460115433745134
-67.4,0.0183227391747195,0.0452777190375941
-67.35,0.0179977864214396,0.0445277886853915
-67.3,0.017667040536356,0.0437618384845133
-67.25,0.0173305646935454,0.0429799611163967
-67.2,0.0169884246447653,0.0421822558402715
-67.15,0.0166406887270497,0.041368828554362
-67.1,0.016287427869285,0.04053979185528
-67.05,0.015928715597744,0.039695265095521
-67,0.0155646280405567,0.0388353744390276
-66.95,0.0151952439310929,0.0379602529147309
-66.9,0.0148206446102515,0.0370700404680238
-66.85,0.0144409140276155,0.0361648840100893
-66.8,0.0140561387414691,0.0352449374650296
-66.75,0.0136664079176515,0.034310361814718
-66.7,0.0132718133272284,0.0333613251413171
-66.65,0.0128724493429602,0.0323980026674017
-66.6,0.0124684129345559,0.0314205767936092
-66.55,0.012059803662681,0.0304292371337583
-66.5,0.0116467236717179,0.0294241805473745
-66.45,0.0112292776812444,0.0284056111695449
-66.4,0.0108075729762279,0.0273737404380517
-66.35,0.0103817193959066,0.0263287871177067
-66.3,0.00995182932135062,0.0252709773218275
-66.25,0.00951801766167957,0.0242005445307889
-66.2,0.00908040183892222,0.0231177296075829
-66.15,0.00863910177150883,0.022022780810326
-66.1,0.00819423985637601,0.0209159538016466
-66.05,0.00774594094966855,0.0197975116548904
-66,0.00729433234603176,0.0186677248570774
-65.95,0.00683954375647173,0.017526871308548
-65.9,0.00638170728477632,0.0163752363192408
-65.85,0.00592095740248974,0.0152131126015268
-65.8,0.00545743092241347,0.0140408002595578
-65.75,0.00499126697064465,0.0128586067750474
-65.7,0.00452260695711667,0.0116668469894359
-65.65,0.00405159454465934,0.0104658430823818
-65.6,0.00357837561654157,0.00925592454650933
-65.55,0.00310309824251464,0.00803742815836465
-65.5,0.00262591264332996,0.00681069794551972
-65.45,0.00214697115372949,0.00557608514976406
-65.4,0.00166642818390956,0.00433394818633692
-65.35,0.00118444017944332,0.00308465259913634
-65.3,0.000701165579659501,0.00182857101186095
-65.25,0.000216764774480592,0.000566083075022971
-65.2,0.000268599940293773,0.000702424591212097
-65.15,0.000754764409249446,0.00197655845840586
-65.1,0.00124156266517818,0.00325591815550825
-65.05,0.00172882697844386,0.0045400965388282
-65,0.00221638790791183,0.00582867976638449
-64.95,0.00270407435341714,0.0071212473766511
-64.9,0.00319171360979283,0.00841737237176359
-64.85,0.00367913142243487,0.00971662130521399
-64.8,0.00416615204441805,0.0110185543740843
-64.75,0.00465259829513716,0.0123227255158403
-64.7,0.00513829162049262,0.013628682509741
-64.65,0.00562305215458766,0.0149359670828793
-64.6,0.00610669878295111,0.0162441150209044
-64.55,0.00658904920725361,0.0175526562834298
-64.5,0.00706992001153663,0.0188611151241897
-64.45,0.00754912672991506,0.0201690102159406
-64.4,0.00802648391575507,0.021475854780142
-64.35,0.00850180521231826,0.0227811567214444
-64.3,0.00897490342483808,0.0240844187669932
-64.25,0.00944559059404314,0.025385138610572
-64.2,0.00991367807107615,0.0266828090615977
-64.15,0.0103789765938248,0.0279769181989842
-64.1,0.0108412963646172,0.0292669495298754
-64.05,0.0113004471292775,0.030552382153257
-64,0.0117562382575216,0.0318326909284683
-63.95,0.0122084788246584,0.0331073466485875
-63.9,0.0126569776945883,0.034375816218709
-63.85,0.0131015436040582,0.0356375628391065
-63.8,0.0135419852481638,0.0368920461932695
-63.75,0.0139781113670571,0.0381387226408096
-63.7,0.014409730833842,0.0393770454152196
-63.65,0.0148366527436214,0.0406064648264761
-63.6,0.0152586865036675,0.0418264284684534
-63.55,0.0156756419246877,0.0430363814311506
-63.5,0.0160873293131396,0.0442357665176776
-63.45,0.0164935595645821,0.0454240244660019
-63.4,0.0168941442580035,0.0466005941753949
-63.35,0.0172888957511068,0.0477649129375728
-63.3,0.01767762727651,0.0489164166724649
-63.25,0.0180601530388128,0.0500545401685954
-63.2,0.0184362883125089,0.051178717328005
-63.15,0.0188058495406743,0.0522883814156908
-63.1,0.0191686544344222,0.0533829653134931
-63.05,0.0195245220730488,0.0544619017783808
-63,0.019873273004845,0.0555246237050752
-62.95,0.0202147293485223,0.0565705643929475
-62.9,0.0205487148951999,0.0575991578171234
-62.85,0.0208750552109082,0.0586098389037245
-62.8,0.0211935777395645,0.0596020438091683
-62.75,0.0215041119063594,0.0605752102034585
-62.7,0.0218064892215046,0.0615287775573646
-62.65,0.0221005433842945,0.0624621874334243
-62.6,0.0223861103874178,0.0633748837806605
-62.55,0.0226630286214733,0.0642663132329364
-62.5,0.0229311389796238,0.0651359254108349
-62.45,0.0231902849623363,0.0659831732269615
-62.4,0.0234403127821474,0.0668075131945793
-62.35,0.0236810714683927,0.0676084057394418
-62.3,0.0239124129718441,0.0683853155147279
-62.25,0.0241341922691884,0.0691377117189563
-62.2,0.0243462674672809,0.0698650684167411
-62.15,0.0245484999071237,0.0705668648622842
-62.1,0.0247407542674878,0.0712425858254621
-62.05,0.0249228986681247,0.0718917219203651
-62,0.0250948047724928,0.0725137699361581
-61.95,0.0252563478899416,0.0731082331701237
-61.9,0.0254074070772714,0.0736746217627239
-61.85,0.0255478652396137,0.0742124530345422
-61.8,0.0256776092305559,0.074721251824946
-61.75,0.0257965299514336,0.0752005508323044
-61.7,0.0259045224497356,0.0756498909556063
-61.65,0.0260014860165341,0.0760688216372967
-61.6,0.0260873242828747,0.0764569012071761
-61.55,0.0261619453150566,0.0768136972271693
-61.5,0.02622526170872,0.0771387868367949
-61.45,0.026277190681678,0.0774317570991461
-61.4,0.0263176541654108,0.077692205347195
-61.35,0.0263465788951476,0.077919739530226
-61.3,0.0263638964984704,0.0781139785602102
-61.25,0.0263695435823469,0.0782745526579053
-61.2,0.0263634618185411,0.0784011036984975
-61.15,0.0263455980272959,0.07849328555656
-61.1,0.0263159042592433,0.078550764450125
-61.05,0.0262743378754404,0.0785732192836583
-61,0.0262208616254664,0.078560341989708
-60.95,0.0261554437235104,0.0785118378690162
-60.9,0.0260780579223556,0.0784274259288615
-60.85,0.0259886835852048,0.0783068392194081
-60.8,0.0258873057552528,0.0781498251678262
-60.75,0.0257739152229469,0.0779561459099551
-60.7,0.0256485085908422,0.0777255786192644
-60.65,0.0255110883359958,0.0774579158328781
-60.6,0.0253616628698075,0.0771529657744153
-60.55,0.0252002465952436,0.0768105526734018
-60.5,0.0250268599613652,0.0764305170810049
-60.45,0.0248415295150931,0.0760127161818395
-60.4,0.0246442879501263,0.0755570241015895
-60.35,0.0244351741529583,0.0750633322101952
-60.3,0.0242142332458959,0.0745315494203356
-60.25,0.0239815166270402,0.0739616024809653
-60.2,0.023737082007134,0.0733534362656199
-60.15,0.0234809934432194,0.0727070140552446
-60.1,0.0232133213690396,0.0720223178152754
-60.05,0.0229341426221114,0.0712993484666992
-60,0.0226435404674058,0.0705381261508305
-59.95,0.0223416046175774,0.0697386904875399
-59.9,0.0220284312496703,0.0689011008266456
-59.85,0.0217041230182479,0.0680254364922221
-59.8,0.0213687890648785,0.0671117970195284
-59.75,0.0210225450239289,0.0661603023843031
-59.7,0.0206655130245917,0.0651710932241365
-59.65,0.0202978216891102,0.0641443310516592
-59.6,0.0199196061271339,0.0630801984592684
-59.55,0.0195310079261573,0.0619788993151149
-59.5,0.0191321751379902,0.0608406589500868
-59.45,0.0187232622612125,0.0596657243355042
-59.4,0.0183044302195648,0.058454364251268
-59.35,0.0178758463362365,0.0572068694441833
-59.3,0.0174376843039989,0.0559235527761861
-59.25,0.0169901241511531,0.0546047493622091
-59.2,0.0165333522032474,0.0532508166974201
-59.15,0.0160675610405373,0.051862134773563
-59.1,0.0155929494511394,0.0504391061841458
-59.05,0.0151097223798717,0.0489821562182048
-59,0.0146180908727282,0.0474917329423968
-58.95,0.0141182720169769,0.0459683072711507
-58.9,0.0136104888768507,0.0444123730246434
-58.85,0.0130949704248214,0.0428244469743313
-58.8,0.0125719514684235,0.0412050688757989
-58.75,0.0120416725726241,0.0395548014886858
-58.7,0.0115043799777257,0.037874230583444
-58.65,0.0109603255127887,0.0361639649346955
-58.6,0.0104097665045722,0.0344246363009572
-58.55,0.00985296568198562,0.0326568993905089
-58.5,0.00929019107605517,0.0308614318131751
-58.45,0.00872171591540906,0.029038934017817
-58.4,0.00814781851727732,0.0271901292153086
-58.35,0.00756878217403872,0.0253157632868035
-58.3,0.00698489503529885,0.0234166046770794
-58.25,0.00639644998554144,0.0214934442727806
-58.2,0.00580374451735399,0.0195470952653544
-58.15,0.00520708060026555,0.0175783929985129
-58.1,0.0046067645452131,0.0155881948000454
-58.05,0.00400310686467291,0.0135773797977959
-58,0.00339642212848231,0.0115468487196727
-57.95,0.0027870288154046,0.00949752367750882
-57.9,0.00217524916046235,0.00743034793465579
-57.85,0.00156140899809436,0.00534628565715189
-57.8,0.000945837601178359,0.00324632164834642
-57.75,0.000328867515977508,0.00113146106685463
-57.7,0.000289165606943127,0.000997270872259933
-57.65,0.000907923185750933,0.00313882921318388
-57.6,0.00152706388429451,0.00529214959202864
-57.55,0.00214624379287445,0.00745614858655885
-57.5,0.00276511661278225,0.00962972408305227
-57.45,0.00338333384452087,0.0118117556603515
-57.4,0.00400054497963592,0.0140011049911645
-57.35,0.00461639769607087,0.0161966162606521
-57.3,0.00523053805696049,0.0183971166023404
-57.25,0.00584261071277207,0.0206014165513746
-57.2,0.00645225910669973,0.0228083105151213
-57.15,0.00705912568321819,0.0250165772611312
-57.1,0.00766285209968396,0.0272249804224255
-57.05,0.00826307944089219,0.0294322690201085
-57,0.00885944843646558,0.0316371780032431
-56.95,0.00945159968097253,0.0338384288059618
-56.9,0.010039173856654,0.0360347299217288
-56.85,0.0106218119586365,0.0382247774947016
-56.8,0.0111991555225082,0.0404072559280836
-56.75,0.0117708468541355,0.0425808385093837
-56.7,0.0123365292615766,0.0447441880524563
-56.65,0.012895847288968,0.0468959575561934
-56.6,0.0134484469522428,0.0490347908797479
-56.55,0.0139939759765306,0.0511593234340995
-56.5,0.0145320840351091,0.0532681828898298
-56.45,0.015062422989741,0.0553599899008929
-56.4,0.015584647132257,0.057433358844205
-56.35,0.0160984134272235,0.0594868985748295
-56.3,0.0166033817555384,0.0615192131965432
-56.25,0.0170992151587929,0.0635289028475252
-56.2,0.0175855800842332,0.0655145645009315
-56.15,0.0180621466301605,0.0674747927800759
-56.1,0.0185285887915875,0.069408180787931
-56.05,0.0189845847059911,0.0713133209506483
-56,0.019429816898979,0.0731888058747967
-55.95,0.0198639725296887,0.0750332292179653
-55.9,0.0202867436357478,0.0768451865724055
-55.85,0.0206978273776031,0.0786232763613455
-55.8,0.0210969262820379,0.0803661007475901
-55.75,0.0214837484846884,0.0820722665540382
-55.7,0.0218580079713728,0.0837403861956923
-55.65,0.0222194248180392,0.0853690786227431
-55.6,0.0225677254291334,0.0869569702743002
-55.55,0.0229026427742074,0.0885026960423066
-55.5,0.023223916622558,0.0900049002451836
-55.45,0.023531293775701,0.0914622376107061
-55.4,0.0238245282974892,0.0928733742676254
-55.35,0.0241033817416641,0.094236988745529
-55.3,0.0243676233766499,0.0955517729823973
-55.25,0.024617030407381,0.0968164333393307
-55.2,0.0248513881939649,0.0980296916218848
-55.15,0.025070490466978,0.099190286107437
-55.1,0.0252741395391841,0.100296972578012
-55.05,0.0254621465134872,0.101348525357967
-55,0.0256343314868982,0.102343738355902
-54.95,0.0257905237503265,0.10328142611021
-54.9,0.0259305619839835,0.104160424837578
-54.85,0.0260542944482042,0.104979593483829
-54.8,0.0261615791694767,0.105737814776411
-54.75,0.0262522841214936,0.106433996277862
-54.7,0.0263262874010032,0.107067071439565
-54.65,0.0263834773982878,0.107636000655079
-54.6,0.0264237529620508,0.108139772312341
-54.55,0.0264470235585286,0.10857740384399
-54.5,0.0264532094246385,0.108947942775106
-54.45,0.0264422417149534,0.109250467767586
-54.4,0.0264140626423305,0.109484089660407
-54.35,0.0263686256120067,0.109647952505004
-54.3,0.0263058953489582,0.109741234594985
-54.25,0.0262258480183721,0.109763149489384
-54.2,0.0261284713390217,0.10971294702866
-54.15,0.0260137646893936,0.109589914342629
-54.1,0.0258817392063766,0.109393376849516
-54.05,0.0257324178763608,0.1091226992453
-54,0.025565835618565,0.108777286482516
-53.95,0.0253820393604505,0.10835658473769
-53.9,0.0251810881050412,0.107860082366542
-53.85,0.0249630529900261,0.107287310846124
-53.8,0.0247280173384702,0.106637845703025
-53.75,0.0244760767010065,0.105911307426796
-53.7,0.0242073388893715,0.105107362367709
-53.65,0.0239219240011387,0.104225723618008
-53.6,0.0236199644355389,0.103266151875761
-53.55,0.0233016049002309,0.102228456290448
-53.5,0.0229670024089187,0.10111249528941
-53.45,0.0226163262696981,0.0999181773842761
-53.4,0.0222497580640284,0.0986454619565089
-53.35,0.0218674916162309,0.0972943600211691
-53.3,0.0214697329534343,0.0958649349680416
-53.25,0.021056700255859,0.0943573032792404
-53.2,0.0206286237973905,0.0927716352224249
-53.15,0.0201857458763438,0.0911081555187591
-53.1,0.0197283207363807,0.0893671439847423
-53.05,0.0192566144775,0.087548936147061
-53,0.0187709049570691,0.0856539238295977
-52.95,0.0182714816808496,0.0836825557117555
-52.9,0.0177586456839817,0.0816353378572472
-52.85,0.0172327094019011,0.0795128342125181
-52.8,0.0166939965311817,0.0773156670739798
-52.75,0.0161428418802777,0.0750445175232274
-52.7,0.0155795912101803,0.0727001258294371
-52.65,0.0150046010649892,0.0702832918181507
-52.6,0.0144182385924114,0.0677948752056486
-52.55,0.0138208813542249,0.0652357958981503
-52.5,0.0132129171267303,0.0626070342550737
-52.45,0.0125947436912356,0.0599096313156077
-52.4,0.0119667686146285,0.057144688987861
-52.35,0.0113294090200993,0.0543133701998791
-52.3,0.010683091348079,0.0514168990118207
-52.25,0.010028251107478,0.0484565606886143
-52.2,0.00936533261730466,0.0454337017324159
-52.15,0.00869478873878258,0.0423497298742464
-52.1,0.00801708059805012,0.0392061140241546
-52.05,0.00733267729957782,0.0360043841793092
-52,0.00664205563042141,0.0327461312894445
-51.95,0.00594569975545125,0.0294330070790667
-51.9,0.00524410090370341,0.0260667238259137
-51.85,0.00453775704601256,0.0226490540951276
-51.8,0.00382717256408056,0.0191818304286548
-51.75,0.00311285791117302,0.0156669449894077
-51.7,0.00239532926461257,0.0121063491597377
-51.65,0.00167510817027534,0.00850205309382005
-51.6,0.000952721179291177,0.00485612522354637
-51.55,0.000228699477153887,0.00117069171757893
-51.5,0.000496421494521029,0.00255206410676628
-51.45,0.00122210242336995,0.00630990241911412
-51.4,0.0019478005185436,0.0101005275593558
-51.35,0.00267296990959845,0.013921588768961
-51.3,0.00339706205176591,0.0177706809704656
-51.25,0.00411952613732762,0.0216453455953119
-51.2,0.00483980951281594,0.0255430714601926
-51.15,0.00555735810175256,0.0294612956919758
-51.1,0.0062716168326372,0.0333974047013111
-51.05,0.00698203007186879,0.0373487352049234
-51,0.0076880420613002,0.0413125752966131
-50.95,0.00838909736009581,0.0452861655669096
-50.9,0.00908464129056381,0.0492667002713051
-50.85,0.00977412038763866,0.0532513285469592
-50.8,0.0104569828516492,0.0572371556777157
-50.75,0.0111326790040384,0.0612212444072392
-50.7,0.0118006617456645,0.0652006163000444
-50.65,0.0124603870173242,0.0691722531501415
-50.6,0.0131113142621207,0.0731330984369893
-50.55,0.0137529068893026,0.077080058828404
-50.5,0.0143846327391804,0.0810100057300234
-50.45,0.0150059645487361,0.0849197768808968
-50.4,0.0156163804175262,0.0888061779947214
-50.35,0.0162153642734756,0.0926659844462093
-50.3,0.0168024063381528,0.0964959430020116
-50.25,0.0173770035911219,0.100292773595605
-50.2,0.0179386602329422,0.104053171145488
-50.15,0.0184868881464034,0.107773807416005
-50.1,0.0190212073555718,0.111451332920037
-50.05,0.0195411464822155,0.115082378862825
-50,0.0200462431991758,0.118663559126052
-49.95,0.0205360446802601,0.122191472291371
-49.9,0.0210101080462082,0.125662703702426
-49.85,0.0214680008063038,0.129073827564445
-49.8,0.0219093012951822,0.13242140908039
-49.75,0.0223335991044052,0.135702006622636
-49.7,0.0227404955083469,0.138912173939101
-49.65,0.0231296038839617,0.142048462392678
-49.6,0.0235005501239852,0.145107423232834
-49.55,0.0238529730431253,0.148085609898144
-49.5,0.0241865247768102,0.150979580348505
-49.45,0.0245008711720512,0.153785899425762
-49.4,0.0247956921699717,0.156501141241368
-49.35,0.0250706821795899,0.159121891589747
-49.3,0.0253255504424037,0.161644750385907
-49.25,0.0255600213873555,0.164066334125863
-49.2,0.0257738349757506,0.166383278368364
-49.15,0.0259667470357138,0.168592240236404
-49.1,0.026138529585754,0.170689900936913
-49.05,0.0262889711470388,0.172672968297057
-49,0.0264178770439647,0.174538179315455
-48.95,0.0265250696926239,0.176282302726666
-48.9,0.0266103888767793,0.177902141577196
-48.85,0.0266736920109499,0.179394535811299
-48.8,0.0267148543902393,0.180756364864757
-48.75,0.0267337694265258,0.18198455026484
-48.7,0.0267303488706582,0.18307605823458
-48.65,0.0267045230202988,0.184027902299492
-48.6,0.0266562409130672,0.184837145894814
-48.55,0.0265854705046595,0.185500904971339
-48.5,0.0264921988315978,0.186016350597868
-48.45,0.026376432158321,0.186380711558289
-48.4,0.0262381961082947,0.186591276941268
-48.35,0.0260775357788524,0.186645398720517
-48.3,0.0258945158395008,0.186540494323564
-48.25,0.0256892206133994,0.186274049186956
-48.2,0.0254617541417857,0.18584361929578
-48.15,0.025212240231087,0.1852468337054
-48.1,0.0249408224824974,0.184481397043252
-48.05,0.0246476643038145,0.183545091988571
-48,0.0243329489033238,0.182435781727864
-47.95,0.0239968792655624,0.181151412383974
-47.9,0.0236396781087851,0.179690015416538
-47.85,0.023261587823985,0.178049709991653
-47.8,0.0228628703953297,0.176228705318546
-47.75,0.0224438073019005,0.174225302951049
-47.7,0.0220046994006262,0.172037899051679
-47.65,0.0215458667903288,0.1696649866161
-47.6,0.0210676486568144,0.167105157655771
-47.55,0.0205704030989573,0.164357105336582
-47.5,0.0200545069357507,0.161419626071269
-47.45,0.0195203554943047,0.158291621563421
-47.4,0.0189683623787999,0.154972100800893
-47.35,0.0183989592204221,0.151460181996455
-47.3,0.0178125954083216,0.147755094473517
-47.25,0.0172097378016543,0.143856180494784
-47.2,0.0165908704227933,0.139762897031696
-47.15,0.0159564941318171,0.135474817472581
-47.1,0.0153071262823777,0.130991633267387
-47.05,0.0146433003591108,0.126313155506951
-47,0.0139655655967431,0.121439316434762
-46.95,0.0132744865810711,0.116370170889192
-46.9,0.012570642832024,0.111105897674219
-46.85,0.0118546283690309,0.105646800856685
-46.8,0.0111270512589288,0.0999933109881571
-46.75,0.0103885331466857,0.094145986249529
-46.7,0.00963970876921141,0.0881055135164878
-46.65,0.00888122545257058,0.0818727093440597
-46.6,0.00811374259291573,0.075448520868444
-46.55,0.00733793112148195,0.0688340266244534
-46.5,0.00655447295402288,0.0620304372768248
-46.45,0.00576406042505346,0.0550390962638368
-46.4,0.00496739570731688,0.0478614803516073
-46.35,0.00416519021690263,0.0404992000975615
-46.3,0.00335816400443967,0.0329540002216183
-46.25,0.00254704513285975,0.0252277598836448
-46.2,0.00173256904218042,0.0173224928658477
-46.15,0.000915477901834669,0.00924034765881291
-46.1,9.65199510508258e-05,0.000983607449924142
-46.05,0.000723551172174689,0.00744530998696029
-46,0.00154397711294683,0.016043852501716
-45.95,0.00236399549163284,0.0248093338790616
-45.9,0.00318284060569432,0.0337389342515095
-45.85,0.00399974414061004,0.0428297006151191
-45.8,0.00481393588925153,0.0520785474487721
-45.75,0.00562464447907291,0.0614822574378118
-45.7,0.00643109810646595,0.0710374823026388
-45.65,0.00723252527760483,0.0807407437328756
-45.6,0.00802815555510335,0.0905884344276343
-45.55,0.00881722030977698,0.100576819242255
-45.5,0.00959895347681155,0.110702036441897
-45.45,0.0103725923155997,0.120960099062237
-45.4,0.0111373781725267,0.131346896377421
-45.35,0.0118925572459442,0.141858195475386
-45.3,0.0126373813525797,0.152489642940489
-45.25,0.0133711086946174,0.16323676664344
-45.2,0.0140930046266682,0.174094977638242
-45.15,0.0148023424218437,0.185059572165944
-45.1,0.015498404036143,0.196125733764787
-45.05,0.0161804808703536,0.207288535486299
-45,0.0168478745286507,0.218542942216768
-44.95,0.0174998975730933,0.229883813103435
-44.9,0.0181358742731905,0.241305904084647
-44.85,0.0187551413497255,0.252803870523151
-44.8,0.019357048712004,0.264372269941523
-44.75,0.0199409601877104,0.276005564858758
-44.7,0.0205062542445335,0.287698125726795
-44.65,0.0210523247027459,0.299444233965813
-44.6,0.0215785814378971,0.311238085096906
-44.55,0.0220844510728036,0.323073791970687
-44.5,0.022569377658009,0.334945388090361
-44.45,0.0230328233398905,0.346846831027506
-44.4,0.0234742690156012,0.358772005928931
-44.35,0.0238932149740334,0.370714729112734
-44.3,0.0242891815219977,0.382668751751605
-44.25,0.0246617095948238,0.394627763641387
-44.2,0.0250103613505857,0.406585397052759
-44.15,0.0253347207471813,0.418535230663754
-44.1,0.0256343941014845,0.430470793570921
-44.05,0.0259090106298179,0.442385569376574
-44,0.0261582229689951,0.45427300034973
-43.95,0.0263817076771958,0.466126491658093
-43.9,0.0265791657139616,0.47793941566836
-43.85,0.0267503228985913,0.489705116312174
-43.8,0.0268949303462624,0.50141691351471
-43.75,0.0270127648811925,0.513068107683082
-43.7,0.0271036294261941,0.524651984251412
-43.65,0.0271673533679791,0.53616181827952
-43.6,0.027203792897601,0.547590879101986
-43.55,0.0272128313254394,0.558932435024293
-43.5,0.0271943793701434,0.570179758062724
-43.45,0.0271483754209924,0.58132612872452
-43.4,0.0270747857731431,0.592364840824847
-43.35,0.0269736048352485,0.603289206336913
-43.3,0.0268448553089837,0.61409256027165
-43.25,0.0266885883400125,0.624768265583201
-43.2,0.0265048836399789,0.635309718096424
-43.15,0.0262938495791144,0.645710351452599
-43.1,0.0260556232490967,0.655963642069404
-43.05,0.0257903704958157,0.666063114111208
-43,0.0254982859217358,0.676002344465679
-42.95,0.0251795928575743,0.685774967722651
-42.9,0.0248345433030423,0.695374681151095
-42.85,0.0244634178364322,0.70479524967013
-42.8,0.0240665254928695,0.714030510809799
-42.75,0.0236442036110757,0.723074379657445
-42.7,0.0231968176485103,0.731920853785386
-42.65,0.0227247609648354,0.740564018155637
-42.6,0.0222284545736246,0.748998049997354
-42.55,0.0217083468623203,0.757217223652648
-42.5,0.0211649132804534,0.765215915386446
-42.45,0.0205986559961858,0.772988608156025
-42.4,0.0200101035212643,0.780529896335828
-42.35,0.019399810304527,0.787834490393197
-42.3,0.0187683562941161,0.794897221510638
-42.25,0.018116346468613,0.801713046150232
-42.2,0.0174444103373337,0.808277050555811
-42.15,0.0167532014100646,0.814584455188552
-42.1,0.016043396636557,0.820630619091621
-42.05,0.0153156958161297,0.826411044179542
-42,0.0145708209777909,0.83192137944799
-41.95,0.013809515731285,0.837157425099722
-41.9,0.0130325445895515,0.842115136582386
-41.85,0.0122406922630991,0.846790628534025
-41.8,0.0114347629268329,0.851180178632069
-41.75,0.0106155794599195,0.855280231341725
-41.7,0.00978398265930926,0.859087401559659
-41.65,0.00894083042757057,0.862598478148958
-41.6,0.00808699693571898,0.865810427361423
-41.55,0.0072233717617858,0.868720396143257
-41.5,0.00635085900586181,0.87132571532036
-41.45,0.00547037638244853,0.87362390265942
-41.4,0.00458285429090869,0.875612665801155
-41.35,0.00368923486492189,0.87728990506208
-41.3,0.00279047100180766,0.878653716101276
-41.25,0.00188752537268148,0.879702392448744
-41.2,0.000981369414371924,0.880434427891988
-41.15,7.29823041249486e-05,0.880848518717609
-41.1,0.000836650081899807,0.880943565804741
-41.05,0.00174653622528111,0.880718676567329
-41,0.00265568003605648,0.880173166742299
-40.95,0.00356308193639915,0.879306562020826
-40.9,0.00446773995611553,0.878118599520011
-40.85,0.00536865083881009,0.876609229092377
-40.8,0.0062648111575198,0.874778614470772
-40.75,0.00715521843862213,0.872627134246337
-40.7,0.00803887229277942,0.870155382677372
-40.65,0.00891477555167667,0.867364170327047
-40.6,0.00978193540927019,0.864254524528064
-40.55,0.0106393645662768,0.860827689672492
-40.5,0.0114860823765851,0.857085127325172
-40.45,0.0123211159942772,0.853028516159217
-40.4,0.0131435015199248,0.848659751712303
-40.35,0.0139522851448186,0.843980945962574
-40.3,0.0147465242917655,0.838994426723186
-40.25,0.0155252887511033,0.833702736854621
-40.2,0.0162876618105408,0.828108633294117
-40.15,0.0170327413774655,0.822215085901692
-40.1,0.0177596410923133,0.816025276122414
-40.05,0.0184674914316343,0.809542595464752
-40,0.0191554407994514,0.802770643794991
-39.95,0.0198226566055339,0.795713227447908
-39.9,0.020468326329197,0.788374357154006
-39.85,0.0210916585672489,0.780758245783886
-39.8,0.021691884064705,0.772869305910398
-39.75,0.0222682567269149,0.764712147189499
-39.7,0.0228200546117227,0.75629157356082
-39.65,0.0233465809003341,0.747612580269246
-39.6,0.0238471648455404,0.73868035070884
-39.55,0.0243211626959935,0.729500253090795
-39.5,0.024767958595212,0.720077836937126
-39.45,0.025186965454046,0.710418829402101
-39.4,0.0255776257953317,0.700529131423538
-39.35,0.025939412569487,0.69041481370627
-39.3,0.0262718299398379,0.68008211254033
-39.25,0.0265744140364711,0.669537425456465
-39.2,0.0268467336774507,0.658787306721907
-39.15,0.0270883910562592,0.647838462679383
-39.1,0.0272990223943572,0.636697746932591
-39.05,0.0274782985577772,0.625372155381552
-39,0.027625925636724,0.613868821111328
-38.95,0.0277416454871588,0.602195009137929
-38.9,0.0278252362334159,0.590358111015188
-38.85,0.0278765127309054,0.57836563930677
-38.8,0.0278953269880245,0.566225221927457
-38.75,0.0278815685464258,0.553944596358146
-38.7,0.027835164818838,0.541531603739054
-38.65,0.027756081383684,0.528994182845881
-38.6,0.0276443222357781,0.516340363953689
-38.55,0.0274999299924469,0.503578262593589
-38.5,0.0273229860544531,0.49071607320728
-38.45,0.0271136107211568,0.477762062704769
-38.4,0.0268719632594087,0.464724563930673
-38.35,0.0265982419257085,0.451611969044597
-38.3,0.0262926839412288,0.438432722821317
-38.25,0.02595556541935,0.425195315876512
-38.2,0.0255872012454165,0.411908277823955
-38.15,0.0251879449084761,0.398580170370189
-38.1,0.0247581882848219,0.385219580352784
-38.05,0.024298361373224,0.371835112728437
-38,0.0238089319817827,0.358435383517178
-37.95,0.0232904053664126,0.345029012709134
-37.9,0.0227433238210124,0.331624617140303
-37.85,0.0221682662194505,0.318230803343951
-37.8,0.0215658475095457,0.304856160384208
-37.75,0.0209367181592976,0.291509252678629
-37.7,0.020281563555672,0.278198612816417
-37.65,0.0196011033563211,0.264932734379211
-37.6,0.0188960907946715,0.251720064771187
-37.55,0.0181673119388813,0.238568998065465
-37.5,0.0174155849052346,0.225487867873691
-37.45,0.0166417590265966,0.21248494024579
-37.4,0.0158467139766208,0.199568406606824
-37.35,0.015031358850462,0.186746376737954
-37.3,0.0141966312028116,0.174026871808506
-37.25,0.0133434960441344,0.161417817466081
-37.2,0.0124729447960417,0.148927036991726
-37.15,0.0115859942068078,0.136562244527071
-37.1,0.0106836852280839,0.124331038380382
-37.05,0.00976708185393738,0.112240894418406
-37,0.00883726992338917,0.100299159550858
-36.95,0.00789535588768822,0.0885130453143427
-36.9,0.0069424655436175,0.0768896215624595
-36.85,0.00597974273418082,0.0654358102687422
-36.8,0.00500834801806994,0.0541583794490647
-36.75,0.00402945730937109,0.0430639372100062
-36.7,0.00304426048902264,0.0321589259296314
-36.65,0.00205395998957398,0.0214496165770135
-36.6,0.00105976935485632,0.0109421031767165
-36.55,6.29117762217199e-05,0.000642297424412293
-36.5,0.000935381392953797,0.00944407654042631
-36.45,0.0019338721427634,0.0193114871988246
-36.4,0.00293131733046666,0.0289546005478667
-36.35,0.00392647022057903,0.0383682848219265
-36.3,0.00491808203947737,0.0475476150340632
-36.25,0.0059049035426414,0.0564878773323399
-36.2,0.00688568659259006,0.0651845731658466
-36.15,0.00785918574555199,0.0736334232554958
-36.1,0.00882415984489062,0.0818303713647899
-36.05,0.00977937361925354,0.0897715878658991
-36,0.0107235992834184,0.0974534730966547
-35.95,0.0116556181397672,0.104872660504195
-35.9,0.0125742221783083,0.11202601957122
-35.85,0.0134782156731585,0.118910658521036
-35.8,0.01436641677336,0.125523926797747
-35.75,0.0152376590859279,0.131863417318199
-35.7,0.0160907932489841,0.137926968492473
-35.65,0.0169246884928536,0.143712666009996
-35.6,0.017738234186984,0.149218844388514
-35.55,0.0185303413705463,0.154444088283462
-35.5,0.0192999442645908,0.159387233555466
-35.45,0.0200460017636256,0.164047368093991
-35.4,0.0207674989044978,0.168423832395355
-35.35,0.0214634483104879,0.172516219893649
-35.3,0.0221328916084953,0.176324377043281
-35.25,0.0227749008172732,0.179848403152193
-35.2,0.0233885797046436,0.183088649965001
-35.15,0.023973065111666,0.186045720995627
-35.1,0.0245275282417665,0.188720470609228
-35.05,0.0250511759128441,0.191114002853493
-35,0.025543251770432,0.193227670039685
-34.95,0.0260030374599953,0.19506307107403
-34.9,0.026429853756514,0.196622049540373
-34.85,0.0268230616495289,0.197906691535264
-34.8,0.0271820633818625,0.198919323256939
-34.75,0.0275063034403068,0.199662508349899
-34.7,0.0277952694965782,0.200139045007122
-34.65,0.0280484932969238,0.200351962832156
-34.6,0.0282655514988226,0.200304519463657
-34.55,0.0284460664532401,0.200000196965206
-34.5,0.0285897069310208,0.199442697983478
-34.45,0.0286961887920101,0.198635941678153
-34.4,0.0287652755955993,0.197584059427188
-34.35,0.0287967791514348,0.196291390311356
-34.3,0.0287905600091244,0.194762476382219
-34.25,0.0287465278858219,0.193002057717943
-34.2,0.0286646420306717,0.191015067271645
-34.15,0.0285449115251579,0.188806625517206
-34.1,0.0283873955184852,0.186382034897712
-34.05,0.0281922033972044,0.183746774081966
-34,0.027959494888378,0.180906492034716
-33.95,0.0276894800956627,0.177867001906509
-33.9,0.0273824194677791,0.174634274749292
-33.85,0.0270386236989205,0.171214433064095
-33.8,0.0266584535607577,0.167613744187386
-33.75,0.0262423196657638,0.163838613522857
-33.7,0.0257906821616973,0.159895577625617
-33.65,0.0253040503571741,0.155791297145997
-33.6,0.024782982278334,0.151532549640289
-33.55,0.0242280841567302,0.147126222256026
-33.5,0.0236400098486468,0.142579304299472
-33.45,0.0230194601861573,0.13789887969326
-33.4,0.0223671822603244,0.133092119332198
-33.35,0.021683968637057,0.128166273345468
-33.3,0.0209706565062112,0.123128663273528
-33.25,0.0202281267646504,0.117986674168238
-33.2,0.0194573030340552,0.112747746624759
-33.15,0.0186591506143811,0.107419368753975
-33.1,0.0178346753739579,0.10200906810423
-33.05,0.01698492257732,0.0965244035413041
-33,0.0161109756519583,0.0909729570956087
-32.95,0.015213954895268,0.0853623257856843
-32.9,0.0142950161230807,0.079700113427124
-32.85,0.0133553492612353,0.0739939224361016
-32.8,0.0123961768817649,0.0682513456367503
-32.75,0.0114187526853405,0.0624799580816274
-32.7,0.0104243599317181,0.0566873088945572
-32.65,0.00941430982002214,0.0508809131451565
-32.6,0.00838993982076505,0.0450682437642821
-32.55,0.00735261196162519,0.0392567235097481
-32.5,0.00630371106903589,0.0334537169914868
-32.45,0.0052446429677669,0.0276665227654315
-32.4,0.00417683264072068,0.0219023655052666
-32.35,0.00310172235125625,0.0161683882611439
-32.3,0.00202076973042848,0.0104716448144469
-32.25,0.000935445831583733,0.00481909213752675
-32.2,0.000152766845164414,0.00078241703269535
-32.15,0.00124237635600084,0.00632614149848415
-32.1,0.00233188334138408,0.011805458773774
-32.05,0.00341978307622122,0.0172138721168234
-32,0.00450456753951262,0.0225450174146693
-31.95,0.00558472750064902,0.0277926699111106
-31.9,0.00665875461953387,0.0329507507701522
-31.85,0.00772514355763191,0.0380133334669796
-31.8,0.00878239409703018,0.0429746499987201
-31.75,0.00982901326454465,0.0478290969074485
-31.7,0.0108635174578876,0.0525712411080755
-31.65,0.0118844345708781,0.0571958255139822
-31.6,0.0128903061146617,0.0616977744534832
-31.55,0.0138796893318772,0.0660721988704141
-31.5,0.0148511593007098,0.0703144013024013
-31.45,0.0158033110257431,0.0744198806306001
-31.4,0.0167347615125376,0.0783843365949601
-31.35,0.0176441518228406,0.0822036740693259
-31.3,0.0185301491073593,0.0858740070909731
-31.25,0.019391448613017,0.0893916626394454
-31.2,0.0202267756616451,0.0927531841598573
-31.15,0.0210348875970622,0.0959553348261249
-31.1,0.0218145756975331,0.0989951005398846
-31.05,0.022564667050608,0.101869692661175
-31,0.0232840263874009,0.104576550467278
-30.95,0.0239715578733644,0.107113343336431
-30.9,0.0246262068526999,0.109477972653456
-30.85,0.0252469615435646,0.111668573434683
-30.8,0.0258328546812874,0.113683515669886
-30.75,0.0263829651068651,0.115521405379301
-30.7,0.02689641929808,0.117181085384121
-30.65,0.0273723928406217,0.118661635789237
-30.6,0.0278101118366829,0.119962374177343
-30.55,0.028208854248562,0.121082855513863
-30.5,0.0285679511748913,0.122022871762554
-30.45,0.0288867880571777,0.122782451211947
-30.4,0.0291648058144349,0.123361857513209
-30.35,0.0294015019037887,0.123761588430331
-30.3,0.029596431304998,0.12398237430392
-30.25,0.0297492074269654,0.124025176230248
-30.2,0.0298595029343936,0.123891183957573
-30.15,0.0299270504928466,0.123581813502082
-30.1,0.0299516434305986,0.123098704486214
-30.05,0.0299331363157414,0.122443717202439
-30,0.0298714454471608,0.121618929405936
-29.95,0.029766549258087,0.120626632839988
-29.9,0.0296184886310647,0.119469329498229
-29.85,0.0294273671232926,0.118149727628251
-29.8,0.0291933511014284,0.116670737481394
-29.75,0.0289166697850604,0.115035466813921
-29.7,0.0285976151981995,0.113247216145053
-29.65,0.0282365420282643,0.111309473777728
-29.6,0.0278338673921687,0.109225910588207
-29.55,0.0273900705092621,0.10700037459102
-29.5,0.0269056922810043,0.104636885286003
-29.45,0.0263813347774025,0.1021396277945
-29.4,0.0258176606303676,0.0995129467920968
-29.35,0.0252153923343032,0.0967613402455104
-29.3,0.0245753114543652,0.0938894529615654
-29.25,0.0238982577429898,0.0909020699564174
-29.2,0.0231851281654129,0.0878041096534654
-29.15,0.0224368758350566,0.0846006169186116
-29.1,0.0216545088598039,0.0812967559417891
-29.05,0.0208390891003135,0.0778978029738718
-29,0.0199917308416756,0.0744091389283158
-28.95,0.0191135993798505,0.0708362418570553
-28.9,0.0182059095244682,0.0671846793103962
-28.85,0.0172699240197028,0.063460100590784
-28.8,0.0163069518850833,0.0596682289105298
-28.75,0.0153183466782229,0.0558148534636875
-28.7,0.0143055046815909,0.0519058214224405
-28.65,0.0132698630155823,0.0479470298684688
-28.6,0.0122128976802625,0.043944417669868
-28.55,0.0111361215282955,0.0399039573143098
-28.5,0.0100410821716872,0.0358316467091891
-28.45,0.00892935982508703,0.0317335009595933
-28.4,0.00780256508852467,0.0276155441349716
-28.35,0.00666233667254742,0.0234838010354132
-28.3,0.00551033906886041,0.0193442889684935
-28.25,0.00434826016965062,0.0152030095476227
-28.2,0.00317780883890005,0.0110659405228528
-28.15,0.00200071243907727,0.00693902765507464
-28.1,0.000818714316687844,0.00282817664447754
-28.05,0.000366428749739641,0.00126075487586682
-28,0.00155294913557291,0.00532196527053243
-27.95,0.00273907098617542,0.00934971674568033
-27.9,0.00392301285937027,0.0133383430958041
-27.85,0.00510299039040263,0.0172822573428074
-27.8,0.00627721897545624,0.0211759592570192
-27.75,0.00744391646973958,0.0250140427499448
-27.7,0.00860130589609251,0.0287912031286596
-27.65,0.00974761816002799,0.0325022442019466
-27.6,0.0108810947670826,0.0361420852284557
-27.55,0.0119999905383184,0.0397057676973512
-27.5,0.0131025763197882,0.0431884619321359
-27.45,0.0141871416817603,0.0465854735085502
-27.4,0.0152519976034838,0.0498922494776958
-27.35,0.0162954791392768,0.0531043843857791
-27.3,0.0173159480616964,0.0562176260821178
-27.25,0.0183117954775853,0.0592278813073612
-27.2,0.0192814444127836,0.0621312210541288
-27.15,0.0202233523613151,0.0649238856925895
-27.1,0.021136013794899,0.0676022898538184
-27.05,0.0220179626286438,0.0701630270640711
-27,0.0228677746388527,0.0726028741234729
-26.95,0.0236840698288898,0.0749187952229382
-26.9,0.0244655147391226,0.0771079457935055
-26.85,0.0252108246970153,0.0791676760826325
-26.8,0.0259187660035125,0.0810955344523569
-26.75,0.0265881580519248,0.0828892703946216
-26.7,0.0272178753756172,0.0845468372594379
-26.65,0.0278068496208653,0.0860663946919612
-26.6,0.0283540714413712,0.0874463107749585
-26.55,0.0288585923109947,0.0886851638735424
-26.5,0.0293195262513896,0.0897817441794695
-26.45,0.0297360514713258,0.0907350549527241
-26.4,0.0301074119146075,0.0915443134585081
-26.35,0.0304329187136181,0.0922089515982224
-26.3,0.0307119515456472,0.0927286162334096
-26.25,0.0309439598892974,0.0931031692021099
-26.2,0.0311284641783984,0.0933326870274725
-26.15,0.0312650568510107,0.0934174603189363
-26.1,0.0313534032912448,0.0933579928667115
-26.05,0.0313932426617802,0.0931550004307358
-26,0.0313843886251189,0.0928094092257281
-25.95,0.0313267299517923,0.0923223541043799
-25.9,0.0312202310138763,0.0916951764411778
-25.85,0.0310649321623766,0.0909294217197731
-25.8,0.0308609499871893,0.09002683682725
-25.75,0.030608477458544,0.0889893670590659
-25.7,0.030307783949004,0.0878191528388672
-25.65,0.0299592151352895,0.0865185261577918
-25.6,0.0295631927793719,0.0850900067382887
-25.55,0.0291202143884847,0.0835362979278983
-25.5,0.0286308527538749,0.0818602823288137
-25.45,0.0280957553683254,0.0800650171694607
-25.4,0.0275156437226621,0.078153729424711
-25.35,0.0268913124816615,0.0761298106917023
-25.3,0.0262236285399712,0.0739968118286424
-25.25,0.0255135299588421,0.0717584373642829
-25.2,0.0247620247846838,0.0694185396861489
-25.15,0.0239701897506389,0.0669811130159006
-25.1,0.0231391688625711,0.0644502871805597
-25.05,0.0222701718710577,0.061830321188626
-25,0.0213644726311777,0.0591255966204248
-24.95,0.0204234073520606,0.0563406108423109
-24.9,0.0194483727383783,0.0534799700546191
-24.85,0.0184408240261252,0.0505483821835221
-24.8,0.0174022729152353,0.04755064962721
-24.75,0.0163342854017622,0.0444916618670148
-24.7,0.0152384795125231,0.0413763879543424
-24.65,0.0141165229453001,0.0382098688844765
-24.6,0.0129701306178433,0.0349972098684693
-24.55,0.011801062129109,0.0317435725145677
-24.5,0.010611119136317,0.028454166930702
-24.45,0.00940214265158257,0.0251342437597679
-24.4,0.00817601026202023,0.0217890861595044
-24.35,0.00693463327737801,0.018424001738895
-24.3,0.00567995380939885,0.015044314463102
-24.25,0.00441394178724331,0.0116553565389993
-24.2,0.00313859191344288,0.00826246029343789
-24.15,0.00185592056497978,0.00487095005638835
-24.1,0.000567962644197732,0.00148613406112819
-24.05,0.000723231615620938,0.00188670362635736
-24,0.00201559988509308,0.00524231113663614
-23.95,0.00330707100895458,0.00857547677264371
-23.9,0.00459556830654293,0.0118810369200226
-23.85,0.00587901289735717,0.015153883880032
-23.8,0.00715532704640451,0.0183889736131589
-23.75,0.00842243752400822,0.0215813333816972
-23.7,0.00967827897467634,0.0247260692796745
-23.65,0.0109207972895837,0.0278183736386666
-23.6,0.0121479529771861,0.0308535322982141
-23.55,0.0133577245264478,0.0338269317297268
-23.5,0.0145481117571403,0.0367340660029834
-23.45,0.0157171391516638,0.0395705435845346
-23.4,0.0168628591628307,0.0423320939575759
-23.35,0.0179833554920582,0.0450145740530973
-23.3,0.0190767463324324,0.0476139744823905
-23.25,0.0201411875711301,0.0501264255612849
-23.2,0.0211748759457097,0.0525482031167776
-23.15,0.0221760521488361,0.0548757340670477
-23.1,0.0231430038760484,0.0571056017661727
-23.05,0.0240740688112417,0.0592345511052124
-23,0.0249676375445997,0.0612594933616777
-22.95,0.0258221564178113,0.0631775107897918
-22.9,0.0266361302914639,0.0649858609443145
-22.85,0.0274081252296328,0.0666819807311176
-22.8,0.0281367710967743,0.0682634901780924
-22.75,0.0288207640621533,0.0697281959204081
-22.7,0.0294588690071579,0.0710740943945496
-22.65,0.0300499218309852,0.0722993747360183
-22.6,0.0305928316503314,0.0734024213760304
-22.55,0.0310865828888581,0.0743818163329875
-22.5,0.0315302372523732,0.075236341194982
-22.45,0.031922935585825,0.075964978790056
-22.4,0.0322638996083868,0.0765669145414173
-22.35,0.0325524335230849,0.0770415375053028
-22.3,0.0327879254976138,0.0773884410896625
-22.25,0.032969849013179,0.0776074234523385
-22.2,0.0330977640784028,0.0776984875779009
-22.15,0.0331713183055483,0.0776618410328155
-22.1,0.0331902478465149,0.0774978953991003
-22.05,0.0331543781862918,0.0772072653871483
-22,0.0330636247917818,0.0767907676288896
-21.95,0.0329179936141172,0.0762494191529622
-21.9,0.0327175814428576,0.0755844355440696
-21.85,0.0324625761106668,0.0747972287892011
-21.8,0.032153256547331,0.0738894048138791
-21.75,0.0317899926822165,0.0728627607121005
-21.7,0.0313732451945186,0.0717192816741179
-21.65,0.0309035651109026,0.0704611376166902
-21.6,0.0303815932503998,0.0690906795209143
-21.55,0.0298080595166723,0.0676104354832114
-21.5,0.0291837820380154,0.0660231064855056
-21.45,0.028509666155741,0.0643315618910899
-21.4,0.0277867032618249,0.0625388346731115
-21.35,0.0270159694869806,0.0606481163830496
-21.3,0.0261986242405659,0.0586627518669775
-21.25,0.0253359086040004,0.0565862337378191
-21.2,0.0244291435796253,0.0544221966122028
-21.15,0.0234797281971892,0.0521744111209139
-21.1,0.0224891374804065,0.0498467777023029
-21.05,0.0214589202762826,0.0474433201884034
-21,0.0203906969501474,0.0449681791938095
-20.95,0.019286156949587,0.0424256053177368
-20.9,0.0181470562407044,0.0398199521699853
-20.85,0.0169752146203846,0.0371556692318332
-20.8,0.0157725129084474,0.0344372945631375
-20.75,0.0145408900238411,0.0316694473672532
-20.7,0.0132823399492056,0.0288568204255457
-20.65,0.011998908588386,0.0260041724135593
-20.6,0.0106926905216681,0.023116320111096
-20.55,0.0093658256637088,0.0201981305186294
-20.5,0.00802049582934897,0.0172545128926947
-20.45,0.00665892121265486,0.0142904107129959
-20.4,0.00528335678474039,0.0113107935941383
-20.35,0.00389608861608055,0.0083206491549952
-20.3,0.00249943012918499,0.00532497485879066
-20.25,0.00109571828766987,0.00232876983708578
-20.2,0.000312690272108049,0.000662973289142357
-20.15,0.00172342316054286,0.00364527657806882
-20.1,0.00313409619896625,0.00661318491200125
-20.05,0.00454231742199148,0.0095617741055493
-20,0.00594569111135303,0.0124861589637758
-19.95,0.00734182185451775,0.015381501277213
-19.9,0.00872831862123128,0.0182430177406853
-19.85,0.0101027988511149,0.0210659877829868
-19.8,0.0114628925453661,0.0238457612945995
-19.75,0.0128062463555542,0.026577766240754
-19.7,0.0141305276624904,0.0292575161473305
-19.65,0.0154334286381091,0.0318806174472627
-19.6,0.0167126702832989,0.0344427766753226
-19.55,0.0179660064346162,0.0369398074993969
-19.5,0.0191912277328308,0.039367637576597
-19.45,0.0203861655462757,0.0417223152228242
-19.4,0.0215486958420189,0.0440000158846987
-19.35,0.0226767429979164,0.0461970484030527
-19.3,0.0237682835486766,0.0483098610575318
-19.25,0.024821349859135,0.0503350473821648
-19.2,0.0258340337180316,0.052269351742145
-19.15,0.026804489845684,0.0541096746624273
-19.1,0.0277309393090485,0.0558530778991351
-19.05,0.0286116728378134,0.0574967892452018
-19,0.0294450540352679,0.0590382070620554
-18.95,0.0302295224778731,0.0604749045296323
-18.9,0.0309635966975978,0.0618046336074286
-18.85,0.0316458770412614,0.0630253286997794
-18.8,0.0322750484013114,0.0641351100190228
-18.75,0.0328498828126451,0.0651322866406962
-18.7,0.0333692419103025,0.0660153592454159
-18.65,0.0338320792430581,0.0667830225425951
-18.6,0.0342374424381736,0.0674341673716743
-18.55,0.0345844752127994,0.06796788247707
-18.5,0.0348724192277613,0.0683834559535756
-18.45,0.0351006157797174,0.0686803763594919
-18.4,0.035268507327931,0.0688583334953163
-18.35,0.0353756388521745,0.068917218846362
-18.3,0.0354216590385587,0.0688571256882446
-18.25,0.0354063212903569,0.0686783488547259
-18.2,0.0353294845611955,0.0683813841679677
-18.15,0.0351911140082694,0.0679669275318125
-18.1,0.0349912814635508,0.0674358736892709
-18.05,0.0347301657212635,0.066789314645951
-18,0.0344080526402092,0.06602853776174
-17.95,0.034025335059854,0.0651550235135891
-17.9,0.0335825125293962,0.0641704429328213
-17.85,0.0330801908493696,0.0630766547209275
-17.8,0.0325190814256608,0.0618757020483552
-17.75,0.0319000004361428,0.0605698090413451
-17.7,0.0312238678104745,0.0591613769623915
-17.65,0.030491706023922,0.0576529800904319
-17.6,0.0297046387064227,0.0560473613073852
-17.55,0.0288638890684131,0.054347427398157
-17.5,0.0279707781452972,0.0525562440717344
-17.45,0.0270267228627507,0.0506770307114661
-17.4,0.0260332339253876,0.0487131548630976
-17.35,0.0249919135316434,0.0466681264695863
-17.3,0.0239044529180453,0.0445455918621621
-17.25,0.0227726297363667,0.0423493275175321
-17.2,0.0215983052674794,0.0400832335915356
-17.15,0.0203834214760069,0.037751327239945
-17.1,0.0191299979102195,0.0353577357375032
-17.05,0.017840128451876,0.032906689406624
-17,0.0165159779210329,0.030402514367554
-16.95,0.0151597785411123,0.0278496251220836
-16.9,0.0137738262698034,0.025252516983228
-16.85,0.0123604770016349,0.0226157583635634
-16.8,0.0109221426483167,0.0199439829351622
-16.75,0.00946128710320453,0.0172418816743362
-16.7,0.0079804220964694,0.0145141948045832
-16.65,0.00648210294779463,0.0117657036513498
-16.6,0.00496892422363516,0.00900122242239562
-16.55,0.00344351530628135,0.00622558992767551
-16.5,0.00190853588216772,0.00344366125281402
-16.45,0.000366671357048915,0.00066029940032439
-16.4,0.0011793717941638,0.00211963308718632
-16.35,0.00272687073495711,0.00489128250752444
-16.3,0.00427309102406784,0.00764981236881235
-16.25,0.00581529141340027,0.0103904117344366
-16.2,0.00735072867867705,0.0131083035287394
-16.15,0.00887666247437188,0.0157987527891694
-16.1,0.0103903602043926,0.0184570748506841
-16.05,0.0118891018999223,0.0210786434482997
-16,0.0133701850957349,0.0236588987237669
-15.95,0.0148309296963018,0.0261933551225279
-15.9,0.0162686828229438,0.0286776091672518
-15.85,0.01768082363329,0.0311073470944314
-15.8,0.0190647681043105,0.0334783523407661
-15.75,0.0204179737701901,0.0357865128662353
-15.7,0.0217379444063723,0.038027828301085
-15.65,0.0230222346511377,0.0401984169041907
-15.6,0.0242684545561492,0.04229452232057
-15.55,0.0254742740574905,0.0443125201261624
-15.5,0.0266374273588088,0.0462489241483077
-15.45,0.0277557172182996,0.0481003925507458
-15.4,0.0288270191313939,0.0498637336723399
-15.35,0.0298492854011619,0.0515359116091255
-15.3,0.0308205490885963,0.0531140515297199
-15.25,0.0317389278351305,0.0545954447145674
-15.2,0.0326026275499189,0.0559775533099535
-15.15,0.0334099459546323,0.0572580147882045
-15.1,0.0341592759787242,0.0584346461059747
-15.05,0.0348491089983683,0.0595054475530441
-15,0.0354780379125085,0.0604686062845537
-14.95,0.0360447600497282,0.0613224995301611
-14.9,0.0365480798999156,0.0620656974741359
-14.85,0.0369869116649882,0.062696965800979
-14.8,0.0373602816232434,0.0632152679017216
-14.75,0.0376673303021971,0.0636197667366365
-14.7,0.0379073144551126,0.0639098263506908
-14.65,0.0380796088367341,0.0640850130386599
-14.6,0.0381837077740925,0.0641450961574323
-14.55,0.0382192265285988,0.0640900485836395
-14.5,0.0381859024459908,0.0639200468153629
-14.45,0.038083595891082,0.0636354707172898
-14.4,0.0379122909646203,0.0632369029093032
-14.35,0.0376720959999582,0.0627251277991246
-14.3,0.0373632438376149,0.0621011302602367
-14.25,0.0369860918762107,0.0613660939569473
-14.2,0.0365411218986512,0.0605213993190709
-14.15,0.0360289396728353,0.0595686211693174
-14.1,0.0354502743265802,0.0585095260070973
-14.05,0.0348059774968492,0.0573460689530537
-14,0.034097022253795,0.0560803903592443
-13.95,0.0333245018005302,0.0547148120904746
-13.9,0.0324896279499568,0.0532518334828843
-13.85,0.0315937293804001,0.051694126986462
-13.8,0.030638249672196,0.0500445334987216
-13.75,0.0296247451277984,0.04830605739734
-13.7,0.0285548823783795,0.0464818612800981
-13.65,0.0274304357802936,0.0445752604209804
-13.6,0.0262532846051846,0.0425897169518294
-13.55,0.0250254100279016,0.0405288337794218
-13.5,0.0237488919167886,0.0383963482483467
-13.45,0.0224259054312863,0.0361961255605033
-13.4,0.0210587174321688,0.0339321519625067
-13.35,0.0196496827101025,0.031608527712709
-13.3,0.0182012400385708,0.029229459839947
-13.25,0.0167159080575722,0.0267992547065381
-13.2,0.0151962809948209,0.0243223103883853
-13.15,0.0136450242315297,0.0218031088854257
-13.1,0.0120648697201569,0.0192462081759647
-13.05,0.0104586112618141,0.0166562341287332
-13,0.00882909965133124,0.0140378722868096
-12.95,0.00717923769824306,0.0113958595377643
-12.9,0.00551197513224357,0.00873497568464121
-12.85,0.00383030340189584,0.00606003493257749
-12.8,0.00213725037563188,0.00337587730604057
-12.75,0.000435874954298276,0.000687360011822578
-12.7,0.00127073839529546,0.00200065123695961
-12.65,0.0029794851761679,0.00468329092050161
-12.6,0.00468724645647035,0.00735570242015839
-12.55,0.00639089451432911,0.0100130467190491
-12.5,0.00808729852208875,0.0126505110799171
-12.45,0.00977333025972724,0.015263317684792
-12.4,0.011445869847086,0.0178467322210162
-12.35,0.0131018114844859,0.0203960723982669
-12.3,0.0147380691912392,0.0229067163813195
-12.25,0.0163515825315026,0.025374111123385
-12.2,0.017939322316911,0.0277937805850367
-12.15,0.0194982962754091,0.0301613338238982
-12.1,0.0210255546757115,0.0324724729404675
-12.05,0.0225181958968659,0.0347230008656995
-12,0.0239733719324216,0.036908828976195
-11.95,0.0253882938188,0.0390259845231514
-11.9,0.0267602369775376,0.041070617861526
-11.85,0.0280865464611888,0.04303900946619
-11.8,0.0293646420928082,0.0449275767222215
-11.75,0.0305920234890665,0.0467328804768453
-11.7,0.031766274957243,0.0484516313409463
-11.65,0.0328850702565029,0.0500806957285027
-11.6,0.0339461772140908,0.0516171016227283
-11.55,0.034947462187284,0.053058044058191
-11.5,0.0358868943621953,0.054400890308648
-11.45,0.0367625498807748,0.055643184770862
-11.4,0.0375726157876381,0.0567826535351762
-11.35,0.0383153937886373,0.0578172086341761
-11.3,0.0389893038134106,0.0587449519613295
-11.25,0.0395928873744627,0.0595641788520601
-11.2,0.040124810715677,0.0602733813203184
-11.15,0.0405838677435141,0.0608712509443039
-11.1,0.040968982734524,0.0613566813956196
-11.05,0.0412792128131836,0.0617287706067655
-11,0.0415137501944664,0.061986822572518
-10.95,0.0416719241859664,0.0621303487813922
-10.9,0.0417532029448154,0.0621590692740411
-10.85,0.0417571949850687,0.0620729133261112
-10.8,0.0416836504316752,0.0618720197537463
-10.75,0.0415324620176012,0.0615567368406014
-10.7,0.041303665821139,0.0611276218859153
-10.65,0.0409974417408979,0.0605854403738651
-10.6,0.0406141137064536,0.0599311647651148
-10.55,0.0401541496231107,0.0591659729121441
-10.5,0.0396181610497242,0.0582912461006358
-10.45,0.0390069026090135,0.0573085667198679
-10.4,0.038321271130299,0.056219715565739
-10.35,0.0375623045250888,0.0550266687807214
-10.3,0.0367311803964417,0.0537315944356998
-10.25,0.0358292143835326,0.0523368487593129
-10.2,0.0348578582433462,0.050844972021059
-10.15,0.0338186976719216,0.0492586840750638
-10.1,0.0327134498680707,0.0475808795720415
-10.05,0.0315439608429784,0.0458146228475823
-10,0.0303122024795927,0.0439631424955157
-9.95,0.0290202693461882,0.0420298256356721
-9.89999999999999,0.0276703752689667,0.0400182118859438
-9.84999999999999,0.0262648496690357,0.0379319870491003
-9.8,0.0248061336695573,0.035774976525341
-9.75,0.0232967759793328,0.033551138462102
-9.7,0.0217394285595149,0.0312645566531175
-9.64999999999999,0.0201368420805895,0.0289194331992193
-9.59999999999999,0.0184918611771852,0.0265200809438185
-9.55,0.0168074195086814,0.0240709156964346
-9.5,0.0150865346339884,0.0215764482580651
-9.45,0.0133323027092543,0.0190412762625593
-9.39999999999999,0.0115478930176238,0.0164700758485288
-9.34999999999999,0.0097365423405356,0.0138675931766668
-9.3,0.0079015491803688,0.0112386358076414
-9.25,0.00604626784459415,0.00858806395603774
-9.2,0.00417410240186897,0.00592078163605457
-9.14999999999999,0.00228850052081144,0.00324172771489708
-9.09999999999999,0.000392947202462401,0.000555866890018261
-9.05,0.00150904158232609,0.00213181939349789
-9,0.00341392533908324,0.00481634206893877
-8.95,0.00531814556781624,0.0074927136008033
-8.89999999999999,0.00721813234113018,0.0101559571478252
-8.84999999999999,0.00911031093033371,0.0128011157194865
-8.8,0.0109911084673508,0.0154232613093106
-8.75,0.0128569606301227,0.018017503988212
-8.7,0.0147043183391066,0.0205790009412502
-8.64999999999999,0.0165296544523852,0.0231029654311844
-8.59999999999999,0.018329470446849,0.0255846756723242
-8.55,0.0201003030729007,0.0280194835983307
-8.5,0.0218387309700956,0.0304028235077391
-8.45,0.0235413812311761,0.0327302205712055
-8.39999999999999,0.0252049359019865,0.0349972991846802
-8.34999999999999,0.0268261384048149,0.0371997911529599
-8.3,0.0284017998728146,0.0393335436883632
-8.25,0.029928805383246,0.0413945272095619
-8.19999999999999,0.0314041200774365,0.0433788429259537
-8.14999999999999,0.0328247951554997,0.0452827301933109
-8.09999999999999,0.0341879737340526,0.0471025736268449
-8.05,0.035490896555355,0.0488349099582174
-8,0.0367309075365422,0.0504764346235003
-7.94999999999999,0.0379054591478627,0.0520240080695279
-7.89999999999999,0.0390121176091029,0.0534746617665867
-7.84999999999999,0.0400485678936856,0.0548256039159015
-7.8,0.0410126185302299,0.0560742248409051
-7.75,0.041902206191707,0.0572181020518406
-7.69999999999999,0.0427154000626783,0.0582550049738242
-7.64999999999999,0.0434504059754757,0.0591828993290839
-7.59999999999999,0.0441055703065845,0.0599999511647173
-7.55,0.0446793836248918,0.0607045305179278
-7.5,0.0451704840839053,0.0612952147113625
-7.44999999999999,0.0455776605504859,0.0617707912718249
-7.39999999999999,0.0458998554631032,0.0621302604663198
-7.34999999999999,0.0461361674131043,0.0623728374500766
-7.3,0.0462858534429731,0.0624979540218916
-7.25,0.0463483310560706,0.0625052599828493
-7.19999999999999,0.0463231799328589,0.0623946240951961
-7.14999999999999,0.0462101433491505,0.0621661346388689
-7.09999999999999,0.0460091292924562,0.0618200995639148
-7.05,0.0457202112730673,0.061357046237774
-7,0.0453436288270593,0.0607777207871444
-6.94999999999999,0.0448797877089753,0.0600830870348815
-6.89999999999999,0.0443292597725276,0.0592743250331443
-6.84999999999999,0.0436927825382243,0.0583528291947276
-6.8,0.0429712584474281,0.0573202060252762
-6.75,0.0421657538029294,0.0561782714598062
-6.69999999999999,0.0412774973967172,0.0549290478076981
-6.64999999999999,0.0403078788262203,0.0535747603110523
-6.59999999999999,0.0392584465008777,0.0521178333220163
-6.55,0.0381309053415047,0.0505608861054125
-6.5,0.0369271141754934,0.0489067282736877
-6.44999999999999,0.0356490828314858,0.0471583548619044
-6.39999999999999,0.0342989689377342,0.0453189410511677
-6.34999999999999,0.0328790744289404,0.0433918365495441
-6.3,0.0313918417669404,0.0413805596401857
-6.25,0.0298398498811599,0.0392887909069957
-6.19999999999999,0.0282258098353201,0.0371203666487927
-6.14999999999999,0.0265525602274227,0.0348792719935273
-6.09999999999999,0.0248230623305667,0.0325696337246729
-6.05,0.0230403949826837,0.0301957128324831
-6,0.0212077492337774,0.0277618968033259
-5.94999999999999,0.0193284227597483,0.0252726916608218
-5.89999999999999,0.0174058140523737,0.0227327137730049
-5.84999999999999,0.015443416395458,0.0201466814401676
-5.8,0.013444811637637,0.017519406278512
-5.75,0.0114136637727311,0.0148557844151142
-5.69999999999999,0.00935371233896109,0.0121607875101025
-5.64999999999999,0.00726876564872938,0.00943945362230019
-5.59999999999999,0.00516269386103139,0.00669687793489435
-5.55,0.00303942190892843,0.00393820335801178
-5.5,0.000902922294818551,0.0011686110253146
-5.44999999999999,0.00124279223343878,0.00160668929801801
-5.39999999999999,0.00339367611221164,0.00438246887836074
-5.34999999999999,0.00554565848401978,0.00715348973005093
-5.3,0.00769465079786049,0.00991451436725299
-5.25,0.00983655447392222,0.012660315573327
-5.19999999999999,0.0119672686184718,0.0153856861696567
-5.14999999999999,0.0140826977745529,0.0180854487658609
-5.09999999999999,0.0161787596940132,0.0207544654733193
-5.05,0.0182513931162546,0.0233876475639468
-5,0.0202965655390515,0.0259799650562434
-4.94999999999999,0.0223102809667176,0.0285264562107195
-4.89999999999999,0.0242885876208881,0.0310222369169346
-4.84999999999999,0.0262275855991992,0.0334625099545564
-4.8,0.0281234344671676,0.0358425741110219
-4.75,0.0299723607686539,0.0381578331386319
-4.69999999999999,0.0317706654403758,0.0404038045341552
-4.64999999999999,0.0335147311160586,0.042576128124315
-4.59999999999999,0.0352010293059669,0.0446705744408577
-4.55,0.0368261274377209,0.0466830528692442
-4.5,0.0383866957445199,0.0486096195554015
-4.44999999999999,0.0398795139871182,0.0504464850553801
-4.39999999999999,0.0413014779961532,0.0521900217132008
-4.34999999999999,0.0426496060217184,0.0538367707526557
-4.3,0.043921044877372,0.0553834490693116
-4.25,0.0451130758661157,0.0568269557095001
-4.19999999999999,0.0462231204762334,0.0581643780236231
-4.14999999999999,0.0472487458352668,0.059392997481675
-4.09999999999999,0.0481876699108142,0.0605102951394891
-4.05,0.0490377664472636,0.0615139567448234
-4,0.0497970696280332,0.0624018774730537
-3.94999999999999,0.0504637784533646,0.0631721662829014
-3.89999999999999,0.0510362608242076,0.0638231498832995
-3.84999999999999,0.0515130573232592,0.0643533763032113
-3.8,0.0518928846847442,0.064761618056917
-3.75,0.0521746389450893,0.0650468748980293
-3.69999999999999,0.0523573982672052,0.0652083761562352
-3.64999999999999,0.0524404254316831,0.0652455826515251
-3.59999999999999,0.0524231699888103,0.0651581881814363
-3.55,0.0523052700659294,0.0649461205776194
-3.5,0.0520865538252902,0.0646095423288258
-3.44999999999999,0.0517670405681882,0.0641488507682057
-3.39999999999999,0.0513469414818326,0.0635646778236138
-3.34999999999999,0.0508266600260471,0.0628578893304163
-3.3,0.0502067919575781,0.0620295839071104
-3.25,0.0494881249904584,0.0610810913948696
-3.19999999999999,0.0486716380915561,0.0600139708629406
-3.14999999999999,0.0477585004111294,0.0588300081826259
-3.09999999999999,0.0467500698488858,0.0575312131733833
-3.05,0.0456478912567512,0.0561198163253858
-3,0.0444536942802321,0.0545982651036657
-2.94999999999999,0.0431693908409515,0.0529692198397589
-2.89999999999999,0.0417970722636305,0.0512355492175426
-2.84999999999999,0.0403390060514617,0.0494003253607184
-2.8,0.0387976323145195,0.0474668185301579
-2.75,0.0371755598565086,0.045438491440056
-2.69999999999999,0.0354755619258323,0.0433189932025723
-2.64999999999999,0.0337005716376167,0.0411121529113451
-2.59999999999999,0.0318536770739713,0.0388219728749508
-2.55,0.0299381160704163,0.0364526215120676
-2.5,0.027957270697021,0.0340084259207383
-2.44999999999999,0.0259146614434133,0.0314938641347683
-2.39999999999999,0.0238139411174229,0.0289135570809059
-2.34999999999999,0.0216588884676881,0.0262722602510198
-2.3,0.0194534015411394,0.0235748551040754
-2.25,0.0172014907868006,0.0208263402132208
-2.19999999999999,0.0149072719178834,0.0180318221738117
-2.14999999999999,0.0125749585446599,0.0151965062886867
-2.09999999999999,0.0102088545910652,0.0123256870474357
-2.05,0.0078133465084707,0.00942473841685349
-2,0.00539289530047996,0.00649910396013078
-1.94999999999999,0.0029520283730283,0.00355428680270828
-1.89999999999999,0.000495331224453739,0.000595839463045652
-1.84999999999999,0.00197256100944243,0.0023706464331679
-1.8,0.00444697213997015,0.00533955053654605
-1.75,0.00692319362410074,0.0083052342362712
-1.69999999999999,0.00939649336103858,0.0112620511818748
-1.64999999999999,0.0118621245706138,0.0142043578451622
-1.59999999999999,0.0143153347370835,0.0171265241028029
-1.55,0.0167513746017204,0.0200229438200022
-1.5,0.0191655071874261,0.022888045415641
-1.44999999999999,0.0215530168384675,0.025716302389252
-1.39999999999999,0.0239092182583364,0.0285022437902164
-1.34999999999999,0.0262294655286788,0.0312404646096468
-1.3,0.0285091610921837,0.0339256360754873
-1.25,0.030743764682344,0.0365525158315247
-1.19999999999999,0.0329288021830167,0.039115957981154
-1.14999999999999,0.0350598744007736,0.0416109229769496
-1.09999999999999,0.0371326657331428,0.0440324873373438
-1.05,0.0391429527159433,0.0463758531719661
-1,0.0410866124330981,0.0486363574975295
-0.949999999999989,0.0429596307724915,0.050809481326479
-0.899999999999991,0.0447581105116559,0.0528908585109954
-0.849999999999994,0.0464782792173414,0.0548762843253681
-0.799999999999997,0.0481164969432879,0.0567617237701717
-0.75,0.0496692637108532,0.0585433195821763
-0.699999999999989,0.0511332267574853,0.0602173999344115
-0.649999999999991,0.0525051875384071,0.0617804858113398
-0.599999999999994,0.0537821084672899,0.0632292980446681
-0.549999999999997,0.0549611193821149,0.0645607639958973
-0.5,0.0560395237228935,0.0657720238723471
-0.449999999999989,0.0570148044084011,0.0668604366640239
-0.399999999999991,0.0578846293995875,0.0678235856893728
-0.349999999999994,0.0586468569378774,0.0686592837386473
-0.299999999999997,0.0592995404471241,0.0693655778043373
-0.25,0.0598409330885764,0.0699407533888411
-0.199999999999989,0.0602694919588232,0.070383338380313
-0.149999999999991,0.0605838819213088,0.0706921064883962
-0.0999999999999943,0.0607829790626667,0.0708660802323396
-0.0499999999999972,0.0608658737657822,0.0709045334748016
0,0.0608318733921873,0.0708069934954647
0.0499999999999972,0.0606805045670899,0.0705732425994189
0.0999999999999943,0.0604115150610603,0.0702033192561124
0.149999999999991,0.0600248752631307,0.0696975187655252
0.199999999999989,0.0595207792408053,0.0690563934490779
0.25,0.0588996453832417,0.068280752363663
0.299999999999997,0.0581621166246232,0.0673716605380517
0.349999999999994,0.0573090602455212,0.0663304377318106
0.399999999999991,0.056341567250829,0.0651586567177394
0.449999999999989,0.0552609513236337,0.0638581410897197
0.5,0.0540687473551868,0.0624309625987396
0.549999999999997,0.0527667095519286,0.060879438020739
0.599999999999994,0.0513568091213139,0.0592061255607785
0.649999999999991,0.0498412315389907,0.0574138207989136
0.699999999999989,0.0482223734006677,0.0555055521839962
0.75,0.0465028388628027,0.05348457608248
0.799999999999997,0.0446854356770324,0.0513543713901424
0.849999999999994,0.0427731708240325,0.0491186337154448
0.899999999999991,0.0407692457532879,0.0467812691440842
0.949999999999989,0.0386770512359968,0.0443463875950592
1,0.0365001618390968,0.0418182957793613
1.05,0.034242330029141,0.0392014897731628
1.09999999999999,0.0319074799154659,0.0365006472180908
1.14999999999999,0.0294997006428284,0.0337206191619222
1.19999999999999,0.0270232394443621,0.0308664215537014
1.25,0.0244824943663928,0.0279432264079635
1.3,0.0218820066773152,0.0249563526533964
1.34999999999999,0.0192264529733548,0.021911256681869
1.39999999999999,0.0165206369946821,0.0188135226143775
1.44999999999999,0.0137694811659176,0.0156688523009912
1.5,0.0109780178756482,0.0124830550724267
1.55,0.00815138051012402,0.00926203726138264
1.59999999999999,0.00529479425680639,0.00601179151221441
1.64999999999999,0.00241356669395933,0.0027383858979979
1.69999999999999,0.000486921817087778,0.000552047135598907
1.75,0.00340122791992873,0.00385332197983249
1.8,0.00632385521383618,0.00715921120565095
1.84999999999999,0.00924926434944476,0.0104634570192981
1.89999999999999,0.012171883251151,0.0137597828100455
1.94999999999999,0.0150861174477373,0.017041904769156
2,0.017986360492438,0.0203035435589758
2.05,0.0208670044534196,0.0235384360109069
2.09999999999999,0.0237224504554573,0.0267403468309176
2.14999999999999,0.026547119253391,0.0299030802911513
2.19999999999999,0.0293354618178282,0.0330204918861865
2.25,0.0320819699134516,0.0360864999324978
2.3,0.0347811866502153,0.0390950970897067
2.34999999999999,0.037427716987706,0.0420403617823186
2.39999999999999,0.0400162381729215,0.0449164695007321
2.44999999999999,0.042541510091789,0.0477177039605019
2.5,0.0449983855148139,0.05043846809902
2.55,0.0473818202173628,0.0530732948890174
2.59999999999999,0.0496868829552532,0.0556168579485855
2.64999999999999,0.0519087652764869,0.0580639819276993
2.69999999999999,0.0540427911502152,0.060409652651607
2.75,0.0560844263942681,0.0626490270018202
2.8,0.058029287882882,0.0647774425158662
2.84999999999999,0.0598731525165966,0.0667904266874322
2.89999999999999,0.0616119659366458,0.0686837059490062
2.94999999999999,0.0632418509665811,0.0704532143196645
3,0.0647591157642899,0.0720951017012045
3.05,0.0661602616680393,0.0736057418064129
3.09999999999999,0.0674419907206811,0.0749817397038916
3.14999999999999,0.0686012128566659,0.0762199389644939
3.19999999999999,0.0696350527370933,0.0773174283951282
3.25,0.070540856218597,0.0782715483463742
3.3,0.0713161964424901,0.0790798965810989
3.34999999999999,0.0719588795312369,0.0797403336920196
3.39999999999999,0.0724669498799829,0.0802509880569317
3.44999999999999,0.0728386950315777,0.0806102603211373
3.5,0.0730726501242364,0.0808168273974239
3.55,0.0731676019017317,0.0808696459747914
3.59999999999999,0.073122592276767,0.0807679555279878
3.64999999999999,0.0729369214389662,0.0805112808207879
3.69999999999999,0.0726101504997146,0.0800994338968462
3.75,0.0721421036669029,0.0795325155528598
3.8,0.0715328699434641,0.0788109162896946
3.84999999999999,0.0707828043444307,0.077935316738054
3.89999999999999,0.069892528628114,0.0769066875562091
3.94999999999999,0.0688629315378661,0.0757262887982487
4,0.0676951685517731,0.0743956687522557
4.05,0.0663906611385169,0.0729166622487705
4.09999999999999,0.0649510955185323,0.0712913884408457
4.14999999999999,0.0633784209304977,0.0695222480579638
4.19999999999999,0.0616748474040892,0.067611920137024
4.25,0.0598428430408398,0.0655633582345631
4.3,0.0578851308058516,0.0633797861253158
4.34999999999999,0.0558046848339997,0.0610646929931419
4.39999999999999,0.0536047262551881,0.0586218281213011
4.44999999999999,0.0512887185440885,0.0560551950899429
4.5,0.0488603624006981,0.0533690454896055
4.55,0.0463235901689254,0.0505678721604002
4.59999999999999,0.0436825598012743,0.0476564019674248
4.64999999999999,0.0409416483785769,0.0446395881238324
4.69999999999999,0.0381054451945452,0.0415226020737991
4.75,0.0351787444157558,0.038310824948465
4.8,0.0321665373284978,0.0350098386087302
4.84999999999999,0.0290740041846897,0.0316254162895419
4.89999999999999,0.0259065056598816,0.0281635128610949
4.94999999999999,0.0226695739370797,0.0246302547230635
5,0.0193689034308854,0.0210319293487011
5.05,0.0160103411671483,0.0173749744963166
5.09999999999999,0.0125998768339989,0.0136659671062606
5.14999999999999,0.0091436325208209,0.00991161190219832
5.19999999999999,0.00564785216231592,0.00611872971599833
5.25,0.00211889070544071,0.00229424555612477
5.3,0.00143679698243678,0.00155482356005702
5.34999999999999,0.00501266744528857,0.00542138098919736
5.39999999999999,0.00860210019067367,0.00929826303875918
5.44999999999999,0.0121984094426224,0.0131782517159774
5.5,0.0157948560748413,0.0170540876268788
5.55,0.0193846597035158,0.0209184830029255
5.59999999999999,0.0229610109186313,0.0247641348325744
5.64999999999999,0.0265170836323711,0.0285837380747565
5.69999999999999,0.0300460475228813,0.0323699989311016
5.75,0.0335410805514173,0.0361156481535414
5.8,0.0369953815306624,0.0398134543637901
5.84999999999999,0.0404021827218511,0.0434562373611347
5.89999999999999,0.043754762438148,0.0470368813948742
5.94999999999999,0.0470464576316685,0.050548348377781
6,0.0502706764414427,0.0539836910169666
6.05,0.0534209106796054,0.057336065838607
6.09999999999999,0.0564907482331259,0.060598746083121
6.14999999999999,0.0594738853584241,0.0637651344475144
6.19999999999999,0.0623641388463457,0.066828775651837
6.25,0.0651554580350938,0.0697833688069184
6.3,0.0678419366488928,0.072622779560824
6.34999999999999,0.0704178244403955,0.0753410520018157
6.39999999999999,0.0728775386150817,0.0779324202959249
6.44999999999999,0.0752156750162154,0.0803913200376736
6.5,0.0774270190492567,0.0827123992929001
6.55,0.0795065563249998,0.0848905293131173
6.59999999999999,0.081449483001134,0.0869208149013582
6.64999999999999,0.0832512158023595,0.0887986044099829
6.69999999999999,0.0849074016996954,0.0905194993515296
6.75,0.0864139272301292,0.0920793636042881
6.8,0.0877669274383249,0.0934743321949342
6.84999999999999,0.0889627944226985,0.0947008196412422
6.89999999999999,0.0899981854687891,0.0957555278385972
6.94999999999999,0.0908700307535247,0.0966354534747795
7,0.0915755406046613,0.0973378949582607
7.05,0.0921122123003999,0.0978604588460449
7.09999999999999,0.0924778363949314,0.0982010657579171
7.14999999999999,0.0926705025564353,0.0983579557648032
7.19999999999999,0.09268860490486,0.0983296932398204
7.25,0.092530846837641,0.0981151711614887
7.3,0.0921962453323607,0.0977136148594857
7.34999999999999,0.0916841347162265,0.0971245851942583
7.39999999999999,0.0909941698931359,0.0963479811627524
7.44999999999999,0.0901263290200111,0.0953840419234882
7.5,0.0890809156250079,0.0942333482351806
7.55,0.0878585601611585,0.0928968233040998
7.59999999999999,0.0864602209899523,0.0913757330363586
7.64999999999999,0.0848871847903459,0.0896716856923319
7.69999999999999,0.0831410663896614,0.0877866309414189
7.75,0.0812238080138331,0.0857228583163862
7.8,0.0791376779554566,0.0834829950675523
7.84999999999999,0.0768852686590948,0.0810700034180917
7.89999999999999,0.0744694942243172,0.078487177222783
7.94999999999999,0.0718935873279424,0.0757381380335246
8,0.0691610955679745,0.0728268305759772
8.05,0.0662758772327376,0.0697575176427132
8.09999999999999,0.0632420964996998,0.0665347744092321
8.14999999999999,0.0600642180695088,0.0631634821802441
8.19999999999999,0.0567470012417316,0.0596488215745754
8.25,0.0532954934397878,0.0559962651580422
8.3,0.0497150231935483,0.0522115695346101
8.34999999999999,0.046011192589016,0.0483007669070775
8.39999999999999,0.0421898691954889,0.0442701561194892
8.45,0.0382571774815085,0.0401262931943626
8.5,0.0342194897318465,0.0358759813787311
8.55,0.0300834164786498,0.0315262607138422
8.59999999999999,0.0258557964607848,0.0270843971442399
8.64999999999999,0.0215436861262514,0.0225578711827441
8.7,0.0171543486933826,0.0179543661486522
8.75,0.0126952427873699,0.0132817559972626
8.8,0.00817401066940913,0.00854809275952818
8.84999999999999,0.00359846607656647,0.00376159361140445
8.89999999999999,0.00102341830885046,0.00106937240690957
8.95,0.00568352374090604,0.00593629800097371
9,0.0103735986224565,0.0108305515398717
9.05,0.015085272027588,0.0157433912597136
9.09999999999999,0.019810067512635,0.0206659797302568
9.14999999999999,0.0245394171938235,0.0255893985615789
9.2,0.0292646760690207,0.0305046633272323
9.25,0.0339771365605837,0.0354027386798915
9.3,0.0386680432558629,0.0402745536351371
9.34999999999999,0.0433286078214566,0.0451110169986267
9.39999999999999,0.0479500240669754,0.04990303291164
9.45,0.0525234831337162,0.054641516489697
9.5,0.0570401887833368,0.0593174095287106
9.55,0.0614913727614047,0.0639216962529959
9.59999999999999,0.0658683102104163,0.0684454190792492
9.64999999999999,0.0701623351067736,0.072879694370578
9.7,0.074364855696028,0.0772157281545611
9.75,0.0784673699006366,0.0814448317793263
9.8,0.0824614806744317,0.0855584374816649
9.84999999999999,0.086338911277981,0.0895481138412508
9.89999999999999,0.0900915204490875,0.09340558109518
9.95,0.0937113174427423,0.0971227262871821
10,0.0971904769149732,0.100691618226057
10.05,0.100521353625225,0.104104522228159
10.1,0.103696496932081,0.107353914618984
10.15,0.106708665057429,0.110432496969294
10.2,0.109550839094465,0.11333321004156
10.25,0.112216236735241,0.116049247422883
10.3,0.114698325693889,0.118574068821056
10.35,0.116990836802042,0.120901413000869
10.4,0.11908777675344,0.12302531033829
10.45,0.12098344047523,0.124940094970745
10.5,0.122672423103975,0.126640416522276
10.55,0.124149631545002,0.128121251383024
10.6,0.125410295594292,0.129377913523116
10.65,0.12644997860281,0.130406064821778
10.7,0.127264587663807,0.131201724893186
10.75,0.127850383304383,0.131761280391354
10.8,0.128203988663341,0.132081493777155
10.85,0.128322398138111,0.13215951153137
10.9,0.128202985484393,0.131992871798531
10.95,0.127843511352946,0.131579511447191
11,0.127242130248854,0.130917772533143
11.05,0.12639739689949,0.130006408153051
11.1,0.125308272018284,0.128844587676878
11.15,0.123974127452391,0.127431901348481
11.2,0.122394750703264,0.125768364244699
11.25,0.120570348810151,0.123854419584282
11.3,0.118501551587519,0.121690941379007
11.35,0.116189414208425,0.119279236420354
11.4,0.113635419126891,0.116621045596167
11.45,0.11084147733336,0.113718544532747
11.5,0.107809928938392,0.110574343558924
11.55,0.104543543080804,0.107191486989646
11.6,0.101045517157534,0.103573451727793
11.65,0.0973194753735858,0.0997241451838927
11.7,0.0933694666114992,0.0956479025145516
11.75,0.0891999616208658,0.0913494831814865
11.8,0.0848158495294909,0.0868340668340586
11.85,0.080222433678914,0.0821072485193568
11.9,0.075425426788048,0.0771750332248776
11.95,0.0704309454497919,0.0720438297599302
12,0.0652455039665456,0.0667204439829439
12.05,0.059876007531601,0.0612120713828702
12.1,0.0543297447644602,0.0555262890239257
12.15,0.0486143796091558,0.0496710468639056
12.2,0.0427379426056774,0.0436546584573013
12.25,0.0367088215456415,0.0374857910554465
12.3,0.0305357515242945,0.0311734551168331
12.35,0.0242278044019854,0.0247269932417461
12.4,0.0177943776891347,0.0181560685462129
12.45,0.0112451828697065,0.0114706524911996
12.5,0.00459023317910406,0.00468101218385728
12.55,0.00216016914674187,0.00220230283157818
12.6,0.00899544613338345,0.00916847427473897
12.65,0.0159047578224934,0.0162064293027187
12.7,0.0228770164998029,0.0233048551362944
12.75,0.0299009013762433,0.0304522141180421
12.8,0.0369648737014692,0.0376367591809432
12.85,0.0440571922881785,0.0448465497053601
12.9,0.0511659294250055,0.0520694677416858
12.95,0.0582789871550985,0.059293234575351
13,0.0653841138968646,0.0665054276103046
13.05,0.0724689213828341,0.0736934975466055
13.1,0.0795209018919921,0.0808447858272121
13.15,0.0865274457504828,0.0879465423286749
13.2,0.0934758590751065,0.0949859432699988
13.25,0.100353381733593,0.101950109313567
13.3,0.107147205495303,0.108826123831735
13.35,0.113844492345597,0.115601051312358
13.4,0.120432392936886,0.122261955876313
13.45,0.12689806514907,0.128795919879868
13.5,0.133228692731879,0.135190062574564
13.55,0.139411504001469,0.141431558797204
13.6,0.145433790563471,0.147507657662398
13.65,0.151282926034621,0.153405701230145
13.7,0.156946384735078,0.159113143120904
13.75,0.162411760323488,0.164617567050649
13.8,0.167666784346963,0.169906705258525
13.85,0.172699344678173,0.174968456799828
13.9,0.17749750381192,0.179790905677209
13.95,0.182049516993713,0.18436233878324
14,0.18634385015311,0.188671263627697
14.05,0.190369197614822,0.192706425823276
14.1,0.194114499560883,0.196456826303702
14.15,0.197568959217557,0.199911738248666
14.2,0.200722059740994,0.203060723690372
14.25,0.203563580776107,0.205893649776952
14.3,0.206083614663593,0.208400704668514
14.35,0.208272582270503,0.210572413042076
14.4,0.210121248420341,0.212399651182241
14.45,0.211620736899215,0.213873661635043
14.5,0.21276254501519,0.214986067403022
14.55,0.213538557688643,0.215728885660284
14.6,0.213941061052088,0.216094540966936
14.65,0.21396275553866,0.216075877963079
14.7,0.213596768439193,0.215666173523249
14.75,0.212836665908594,0.214859148353008
14.8,0.21167646440303,0.213648978010169
14.85,0.210110641530272,0.212030303334016
14.9,0.208134146296386,0.209998240266699
14.95,0.205742408732882,0.207548389051889
15,0.202931348889285,0.204676842796694
15.05,0.199697385177075,0.201380195383713
15.1,0.196037442051856,0.197655548721126
15.15,0.191948957021607,0.193500519319606
15.2,0.187429886969843,0.188913244185852
15.25,0.182478713783523,0.183892386023544
15.3,0.177094449276551,0.178437137733476
15.35,0.171276639400779,0.1725472262057
15.4,0.165025367737418,0.166222915397493
15.45,0.158341258262846,0.159465008692007
15.5,0.151225477383875,0.152274850533505
15.55,0.143679735238551,0.144654327336113
15.6,0.135706286259712,0.1366058676641
15.65,0.127307928999534,0.128132441682692
15.7,0.118488005214418,0.11923755987953
15.75,0.109250398210631,0.109925271057905
15.8,0.0995995304521647,0.100200159603914
15.85,0.0895403604334248,0.0900673420307994
15.9,0.0790783788203267,0.0795324628046898
15.95,0.0682196038645123,0.0686016894570179
16,0.0569705760964458,0.0572817069899393
16.05,0.0453383523041024,0.0455797115819727
16.1,0.0333304988051555,0.0335034036022458
16.15,0.0209550840214241,0.021060979942542
16.2,0.00822067036543372,0.00826112567740354
16.25,0.00486369455006517,0.0048869949365081
16.3,0.018288487367892,0.0183737481097484
16.35,0.032043719094727,0.0321890408050232
16.4,0.0461189458482855,0.0463223316438722
16.45,0.0605032802287782,0.0607626424203068
16.5,0.0751854032991694,0.0754985702057588
16.55,0.0901535771579753,0.0905183000289666
16.6,0.105395658087355,0.105809618113478
16.65,0.120899110258587,0.121359925654827
16.7,0.136651019976156,0.137156253118622
16.75,0.152638110440939,0.15318527504007
16.8,0.168846757012316,0.169433325304864
16.85,0.185263002948216,0.185886412890551
16.9,0.201872575601579,0.202530238047049
16.95,0.218660903051025,0.219350208894283
17,0.235613131142916,0.236331458414376
17.05,0.252714140921507,0.253458861815373
17.1,0.26994856642328,0.270717054242883
17.15,0.287300812811107,0.288090448815648
17.2,0.304755074823468,0.305563254960641
17.25,0.322295355513463,0.32311949702283
17.3,0.339905485252094,0.340743033124535
17.35,0.357569140969806,0.358417574248845
17.4,0.375269865610146,0.376126703521438
17.45,0.392991087769002,0.393853895664795
17.5,0.41071614149273,0.411582536598697
17.55,0.428428286208344,0.429295943160707
17.6,0.446110726758661,0.446977382920172
17.65,0.463746633515328,0.464610094059285
17.7,0.48131916254258,0.482177305294668
17.75,0.498811475784418,0.499662255812867
17.8,0.516206761248174,0.517048215193374
17.85,0.533488253157186,0.534318503292598
17.9,0.550639252045635,0.551456510062543
17.95,0.567643144768641,0.568445715278005
18,0.584483424400826,0.58526970814622
18.05,0.601143709996973,0.601912206773332
18.1,0.617607766188333,0.618357077461965
18.15,0.633859522588755,0.634588353814833
18.2,0.649883092984912,0.650590255619392
18.25,0.665662794285322,0.666347207489013
18.3,0.681183165203336,0.681843857236555
18.35,0.69642898464951,0.697065093956545
18.4,0.711385289809438,0.711996065792774
18.45,0.726037393883503,0.726622197368485
18.5,0.740370903465528,0.740929206856906
18.55,0.754371735537979,0.754903122670466
18.6,0.768026134061776,0.768530299747501
18.65,0.781320686139567,0.781797435415976
18.7,0.794242337731866,0.794691584814343
18.75,0.806778408906134,0.80720017585026
18.8,0.818916608599648,0.819311023678714
18.85,0.830645048877628,0.831012344681623
18.9,0.841952258668919,0.842292769931861
18.95,0.852827196962279,0.853141358125362
19,0.863259265447069,0.86354760796567
19.05,0.873238320583051,0.873501469986219
19.1,0.882754685084708,0.882993357796274
19.15,0.891799158806448,0.892014158737436
19.2,0.900363029015874,0.900555243938358
19.25,0.908438080043179,0.908608477756211
19.3,0.916016602295661,0.916166226594317
19.35,0.923091400627175,0.923221367086181
19.4,0.929655802053348,0.92976729363713
19.45,0.935703662804246,0.935797925315587
19.5,0.941229374707127,0.941307712086946
19.55,0.946227870892896,0.946291640383938
19.6,0.950694630820733,0.950745238008242
19.65,0.954625684616421,0.954664578359059
19.7,0.95801761672076,0.958046283985274
19.75,0.960867568845462,0.960887529458722
19.8,0.963173242234861,0.963186043567055
19.85,0.964932899232693,0.964940110825547
19.9,0.966145364154185,0.966148572308149
19.95,0.966810023464621,0.966810825799
20,0.966926825266475,0.966926825266475
20.05,0.966496278098141,0.966497079662795
20.1,0.96551944904823,0.965522651053068
20.15,0.963997961190263,0.964005152078545
20.2,0.961933990343537,0.961946742759714
20.25,0.959330261166821,0.959350126645733
20.3,0.956190042592374,0.956218546317536
20.35,0.952517142608676,0.952555778252768
20.4,0.94831590240111,0.948366127061545
20.45,0.943591189860605,0.943654419102795
20.5,0.938348392471133,0.938425995491755
20.55,0.932593409587663,0.932686704509916
20.6,0.926332644117021,0.926442893429513
20.65,0.919572993614785,0.919701399765303
20.7,0.912321840812104,0.912469541967137
20.75,0.904587043587041,0.904755109567494
20.8,0.896376924395666,0.896566352798748
20.85,0.887700259178857,0.887911971695691
20.9,0.878566265761315,0.878801104699299
20.95,0.86898459175995,0.869243316778416
21,0.858965302019369,0.859248587086561
21.05,0.848518865592682,0.848827296171526
21.1,0.837656142286466,0.837990212756074
21.15,0.826388368789119,0.826748480108378
21.2,0.814727144402338,0.815113602021377
21.25,0.802684416395882,0.803097428420602
21.3,0.790272465006194,0.79071214062047
21.35,0.777503888099765,0.777970236249299
21.4,0.76439158552256,0.764884513863748
21.45,0.750948743157032,0.751468057273615
21.5,0.737188816708578,0.737734219598193
21.55,0.723125515243555,0.723696607075678
21.6,0.708772784501084,0.709369062647242
21.65,0.694144790001196,0.694765649337689
21.7,0.679255899971903,0.679900633454629
21.75,0.664120668117912,0.664788467628292
21.8,0.648753816253854,0.649443773714213
21.85,0.633170216824841,0.633881325580985
21.9,0.617384875337284,0.618116031805401
21.95,0.601412912722829,0.60216291829725
22,0.585269547658225,0.586037110875967
22.05,0.568970078863919,0.569753817821374
22.1,0.552529867403985,0.553328312420508
22.15,0.535964319009926,0.53677591553256
22.2,0.519288866450688,0.520111978193686
22.25,0.502518951971021,0.503351864283298
22.3,0.485670009820135,0.486510933273282
22.35,0.468757448892283,0.469604523081256
22.4,0.451796635500693,0.45264793304883
22.45,0.434802876305916,0.435656407065462
22.5,0.417791401419285,0.41864511685816
22.55,0.400777347701949,0.401629145467083
22.6,0.383775742279365,0.384623470926518
22.65,0.366801486290911,0.367642950170529
22.7,0.349869338893714,0.350702303182
22.75,0.332993901539351,0.333816097403419
22.8,0.316189602541679,0.316998732427343
22.85,0.299470681953408,0.300264424983888
22.9,0.282851176768644,0.283627194242193
22.95,0.266344906467992,0.267100847442255
23,0.249965458922254,0.250698965872932
23.05,0.233726176670261,0.234434891211494
23.1,0.21764014358563,0.218321712239378
23.15,0.201720171946777,0.202372251948326
23.2,0.185978789923786,0.186599055050425
23.25,0.170428229495114,0.171014375904988
23.3,0.155080414806473,0.155630166874528
23.35,0.139946950983563,0.140458067121533
23.4,0.125039113409604,0.125509391856985
23.45,0.110367837478001,0.110795122050999
23.5,0.09594370882969,0.0963258946152192
23.55,0.0817769540840967,0.0821119930659746
23.6,0.0678774320718366,0.0681633386764812
23.65,0.0542546255766497,0.0544894821257064
23.7,0.0409176335932853,0.0410995956508074
23.75,0.0278751641073192,0.0280024657093216
23.8,0.0151355274022219,0.0152064861566622
23.85,0.00270662989817048,0.00271965194365717
23.9,0.00940403147355,0.00945044666173296
23.95,0.0211893743574902,0.0212966293251635
24,0.03264273551999,0.0328121303664507
24.05,0.0437578748524907,0.0439906029479238
24.1,0.0545289788313503,0.054826122729352
24.15,0.0649506634339472,0.0653131909888518
24.2,0.075017976511622,0.0754467372099092
24.25,0.0847263996207252,0.0852221211353598
24.3,0.094071849313672,0.094635134289783
24.35,0.103050677892681,0.103682000972524
24.4,0.111659673629496,0.112359378724161
24.45,0.119896060455077,0.120664358269921
24.5,0.127757497123948,0.128594462944201
24.55,0.13524207585846,0.136147647600965
24.6,0.142348320478951,0.143322297015431
24.65,0.149075184026349,0.150117223783077
24.7,0.155422045884393,0.156531665722569
24.75,0.161388708409266,0.162565282789859
24.8,0.166975393074961,0.168218153511183
24.85,0.17218273614333,0.173490770943358
24.9,0.177011783868245,0.1783840381702
24.95,0.181463987243898,0.182899263344526
25,0.185541196307721,0.187038154285614
25.05,0.18924565400893,0.190802812642551
25.1,0.192579989654176,0.194195727634348
25.15,0.195547211942218,0.197219769378151
25.2,0.198150701599973,0.199878181817322
25.25,0.200394203632749,0.202174575261593
25.3,0.202281819201791,0.204112918551861
25.35,0.203817997142718,0.205697530862602
25.4,0.205007525138702,0.20693307315522
25.45,0.20585552056266,0.207824539295996
25.5,0.206367421002942,0.208377246852594
25.55,0.20654897448735,0.208596827583415
25.6,0.206406229420565,0.208489217634316
25.65,0.20594552425028,0.208060647457508
25.7,0.205173476877585,0.207317631467627
25.75,0.20409697382733,0.206266957450235
25.8,0.202723159194345,0.204915675738151
25.85,0.201059423381582,0.203271088171178
25.9,0.19911339164634,0.201340736854974
25.95,0.196892912470847,0.199132392734889
26,0.194406045773542,0.196654044000693
26.05,0.191661050977496,0.193913884338241
26.1,0.188666374952376,0.19092030104411
26.15,0.185430639846442,0.187681863019324
26.2,0.181962630825008,0.184207308658279
26.25,0.178271283731786,0.180505533648955
26.3,0.174365672689473,0.176585578700495
26.35,0.170254997655873,0.172456617214162
26.4,0.165948571951735,0.168127942913618
26.45,0.161455809776397,0.163608957450378
26.5,0.156786213727151,0.158909158000166
26.55,0.151949362338139,0.154038124865787
26.6,0.146954897654348,0.149005509101959
26.65,0.141812512856143,0.143821020177389
26.7,0.136531939949519,0.138494413689184
26.75,0.131122937537018,0.133035479144469
26.8,0.12559527868406,0.127454027823892
26.85,0.119958738895079,0.121759880741402
26.9,0.114223084213671,0.11596285671448
26.95,0.108398059460585,0.1100727605587
27,0.102493376623091,0.104099371420186
27.05,0.0965187034089797,0.0980524312592894
27.1,0.0904836519779968,0.0919416334984118
27.15,0.0843977678632806,0.0857766118466296
27.2,0.0782705190949034,0.0795669293133951
27.25,0.0721112855372654,0.0733220674232175
27.3,0.0659293484517238,0.0670514156429084
27.35,0.0597338802953739,0.0607642610325197
27.4,0.0535339347665352,0.0544697781307719
27.45,0.0473384371070342,0.0481770190853242
27.5,0.0411561746709435,0.0418949040378301
27.55,0.0349957877690189,0.0356322117733276
27.6,0.0288657607975793,0.0293975706430323
27.65,0.0227744136601526,0.0231994497692046
27.7,0.0167298934897281,0.0170461505402966
27.75,0.010740166678976,0.0109457984041251
27.8,0.00481301122534242,0.00490633496637644
27.85,0.00104399060257861,0.00106448959872834
27.9,0.0068234592714608,0.00695912381924263
27.95,0.0125182246570047,0.0127702218718792
28,0.018121332380104,0.018490650198569
28.05,0.0236260498009282,0.0241134937882209
28.1,0.0290258716669858,0.0296320621192567
28.15,0.0343145254116592,0.0350398947589018
28.2,0.0394859761002385,0.0403307666157474
28.25,0.0445344310209625,0.0454986928425592
28.3,0.0494543439190287,0.0505379333867648
28.35,0.0542404188720905,0.0554429971865855
28.4,0.0588876138061514,0.0602086460111773
28.45,0.0633911436513269,0.0648298979436867
28.5,0.0677464831373683,0.0693020305065556
28.55,0.0719493692293234,0.0736205834288797
28.6,0.0759958032041893,0.0777813610561045
28.65,0.0798820523698388,0.0817804344027648
28.7,0.0836046514279806,0.0856141428494543
28.75,0.0871604034833451,0.089279095485638
28.8,0.0905463807017178,0.0927721721003577
28.85,0.0937599246198802,0.0960905238233129
28.9,0.0967986461109319,0.0992315734192217
28.95,0.0996604250088721,0.102193015238774
29,0.102343409396732,0.104972814829899
29.05,0.104846014562918,0.107569208213462
29.1,0.107166921630831,0.109980700827892
29.15,0.109305075867176,0.112206066147613
29.2,0.111259684674725,0.114244343980524
29.25,0.113030215275687,0.116094838450126
29.3,0.114616392092102,0.11775711566823
29.35,0.116018193830073,0.119231001104529
29.4,0.117235850274888,0.120516576659615
29.45,0.118269838804438,0.121614177448346
29.5,0.119120880628581,0.122524388300771
29.55,0.119789936762391,0.123248039988083
29.6,0.120278203741476,0.123786205181351
29.65,0.120587109087799,0.124140194151053
29.7,0.120718306534666,0.124311550215655
29.75,0.120673671019742,0.124302044947726
29.8,0.120455293455186,0.124113673146298
29.85,0.120065475284144,0.123748647584368
29.9,0.119506722833047,0.12320939354065
29.95,0.118781741469304,0.122498543124856
30,0.1178934295741,0.121618929405936
30.05,0.116844872340182,0.120573580352859
30.1,0.115639335404595,0.11936571259768
30.15,0.114280258326436,0.117998725030704
30.2,0.112771247919793,0.116476192237721
30.25,0.111116071452091,0.114801857789335
30.3,0.109318649718126,0.112979627392517
30.35,0.107383050000121,0.111013561914565
30.4,0.105313478924152,0.10890787028969
30.45,0.103114275223314,0.106666902318528
30.5,0.100789902417993,0.104295141370836
30.55,0.0983449414236086,0.101797197001713
30.6,0.0957840830961361,0.0991777974916061
30.65,0.0931121207257224,0.0964417823204249
30.7,0.0903339424886084,0.093594094585981
30.75,0.0874545238675386,0.0906397733769847
30.8,0.0844789200507473,0.0875839461107417
30.85,0.0814122583195173,0.0844318208456353
30.9,0.0782597304342204,0.0811886785784094
30.95,0.0750265850286056,0.0778598655361473
31,0.0717181200220053,0.0744507854727676
31.05,0.0683396750589762,0.0709668919797261
31.1,0.0648966239857427,0.0674136808204869
31.15,0.061394367372657,0.0637966822981904
31.2,0.0578383250917345,0.0601214536658103
31.25,0.0542339289581039,0.0563935715878975
31.3,0.0505866154440776,0.0526186246628878
31.35,0.0469018184743065,0.048802206014734
31.4,0.0431849623103049,0.0449499059624563
31.45,0.0394414545323991,0.0410673047759994
31.5,0.0356766791269487,0.0371599655265897
31.55,0.0318959896864413,0.0332334270395578
31.6,0.0281047027298437,0.0292931969573905
31.65,0.0243080911503331,0.025344744920533
31.7,0.0205113777972915,0.0213934958732321
31.75,0.0167197291991857,0.0174448235014706
31.8,0.0129382494337061,0.0135040438098033
31.85,0.00917197415124089,0.00957640884362214
31.9,0.00542586475753871,0.00566710056316669
31.95,0.00170480276108933,0.00178122487528432
32,0.0019864157094967,0.00207619417129556
32.05,0.00564308521311733,0.00590022002168676
32.1,0.00926059612412312,0.00968600907637276
32.15,0.0128344395761514,0.0134288159736012
32.2,0.0163602122177262,0.0171239986880002
32.25,0.0198336207757988,0.0207670234410733
32.3,0.0232504864236767,0.0243534694194834
32.35,0.0266067489501131,0.0278790332973697
32.4,0.0298984707265796,0.0313395335591804
32.45,0.0331218404700995,0.0347309146198547
32.5,0.0362731767992595,0.0380492507394335
32.55,0.0393489315813358,0.0412907497294886
32.6,0.0423456930687762,0.0444517564490652
32.65,0.0452601888235402,0.0475287560881002
32.7,0.0480892884281145,0.0505183772365869
32.75,0.0508300059823135,0.0534173947380589
32.8,0.0534795023852193,0.0562227323262065
32.85,0.0560350874019628,0.0589314650437975
32.9,0.0584942215152635,0.0615408214432882
32.95,0.0608545175619641,0.0640481855688396
33,0.0631137421550611,0.0664510987197204
33.05,0.065269816891974,0.0687472609953321
33.1,0.0673208193501058,0.0709345326224052
33.15,0.0692649838709634,0.0730109350651415
33.2,0.0711007021343868,0.0749746519193668
33.25,0.0728265235246835,0.0768240295920179
33.3,0.0744411552906882,0.0785575777675176
33.35,0.0759434625020367,0.0801739696628767
33.4,0.0773324678041499,0.0816720420735771
33.45,0.0786073509746574,0.0830507952125398
33.5,0.0797674482842178,0.0843093923447173
33.55,0.0808122516648964,0.0854471592200753
33.6,0.0817414076894659,0.0864635833079394
33.65,0.0825547163652029,0.0873583128359103
33.7,0.0832521297459409,0.0881311556367526
33.75,0.0838337503663233,0.088782077806861
33.8,0.0842998295023803,0.0893112021801041
33.85,0.0846507652627205,0.0897188066210314
33.9,0.0848871005147952,0.0900053221416107
33.95,0.0850095206508396,0.0901713308458314
34,0.0850188511982489,0.0902175637066751
34.05,0.0849160552792822,0.0901448981801136
34.1,0.0847022309251159,0.0899543556609379
34.15,0.0843786082493984,0.0896470987853737
34.2,0.0839465464865508,0.0892244285855479
34.25,0.0834075309002076,0.0886877815010418
34.3,0.0827631695672217,0.0880387262528155
34.35,0.0820151900428243,0.0872789605849723
34.4,0.0811654359125465,0.0864103078798706
34.45,0.0802158632366233,0.0854347136522223
34.5,0.0791685368926419,0.0843542419278788
34.55,0.0780256268222705,0.0831710715131005
34.6,0.0767894041879324,0.0818874921601501
34.65,0.0754622374453541,0.0805059006351392
34.7,0.0740465883379197,0.0790287966940799
34.75,0.0725450078188189,0.0774587789731612
34.8,0.0709601319069587,0.0757985407992821
34.85,0.0692946774826551,0.0740508659269326
34.9,0.0675514380290826,0.0722186242074951
34.95,0.0657332793254841,0.0703047671970838
35,0.0638431350981046,0.0683123237090188
35.05,0.0618840026348154,0.0662443953170529
35.1,0.0598589383693387,0.0641041518154302
35.15,0.0577710534409659,0.0618948266418589
35.2,0.0556235092356196,0.0596197122694501
35.25,0.0534195129140337,0.0572821555736218
35.3,0.051162312932817,0.0548855531799709
35.35,0.0488551945640432,0.0524333467990118
35.4,0.0465014754189913,0.0499290185536752
35.45,0.0441045009815604,0.0473760863053782
35.5,0.0416676401567967,0.0447780989844048
35.55,0.0391942808398986,0.0421386319302774
35.6,0.0366878255109608,0.0394612822477108
35.65,0.03415168686063,0.0367496641836642
35.7,0.0315892834517213,0.0340074045308932
35.75,0.0290040354217636,0.0312381380633442
35.8,0.0263993602313026,0.0284455030085919
35.85,0.023778668462691,0.0256331365624465
35.9,0.0211453596739537,0.0228046704507182
35.95,0.018502818312217,0.0199637265430359
36,0.0158544096910236,0.0171139125234678
36.05,0.0132034760357561,0.0142588176225918
36.1,0.0105533326012262,0.0114020084155117
36.15,0.00790726386537161,0.00854702469020607
36.2,0.00526851980282581,0.00569737539042395
36.25,0.00264031224201103,0.00285653463723863
36.3,2.58113092433099e-05,2.79378332076196e-05
36.35,0.0025718580368315,0.00278502214707402
36.4,0.00514961937727449,0.00557899867635901
36.45,0.00770444810833625,0.00835069500056895
36.5,0.0102333746175378,0.0110968677677313
36.55,0.0127334873576194,0.0138143304568168
36.6,0.0152019358158187,0.0164999567034635
36.65,0.0176359333761005,0.0191506835197213
36.7,0.0200327600720914,0.0217635144051008
36.75,0.0223897652286852,0.0243355223464014
36.8,0.0247043699904002,0.0268638527039234
36.85,0.0269740697347619,0.0293457259818664
36.9,0.0291964363691407,0.0317784404808624
36.95,0.0313691205096302,0.0341593748307621
37,0.0334898535407278,0.0364859904019697
37.05,0.0355564495547241,0.038755833593767
37.1,0.0375668071698907,0.0409665379982639
37.15,0.0395189112266894,0.0431158264387448
37.2,0.041410834361409,0.0452015128813701
37.25,0.0432407384567794,0.0472215042193523
37.3,0.0450068759692702,0.0491738019288719
37.35,0.0467075911329418,0.0510565035961924
37.4,0.0483413210398598,0.0528678043155594
37.45,0.0499065965972408,0.0546059979576572
37.5,0.0514020433616427,0.0562694783085351
37.55,0.0528263822506572,0.0578567400790795
37.6,0.0541784301327043,0.0593663797852571
37.65,0.0554571002956815,0.0607970964995193
37.7,0.0566614027953255,0.0621476924738748
37.75,0.0577904446843293,0.0634170736353307
37.8,0.0588434301233279,0.064604249954494
37.85,0.0598196603750565,0.0657083356883185
37.9,0.0607185336830526,0.0667285494980691
37.95,0.0615395450364452,0.067664214443757
38,0.0622822858224485,0.0685147578563943
38.05,0.0629464433683289,0.0692797110895675
38.1,0.0635318003746925,0.069958709151943
38.15,0.0640382342420778,0.0705514902224469
38.2,0.0644657162929149,0.0710578950499706
38.25,0.0648143108910281,0.0714778662395762
38.3,0.0650841744609452,0.0718114474272772
38.35,0.0652755544093735,0.0720587823455867
38.4,0.0653887879512896,0.0722201137821191
38.45,0.0654243008431644,0.0722957824336338
38.5,0.0653826060259293,0.0722862256579968
38.55,0.0652643021803738,0.0721919761266461
38.6,0.0650700721977091,0.0720136603802001
38.65,0.0648006815681265,0.0717519972899633
38.7,0.0644569766902211,0.0714077964281371
38.75,0.0640398831042194,0.0709819563496318
38.8,0.0635504036519917,0.0704754627884289
38.85,0.062989616566892,0.0698893867715266
38.9,0.0623586734965031,0.0692248826535444
38.95,0.061658797461403,0.0684831860751265
39,0.0608912807531112,0.0676656118483308
39.05,0.0600574827744016,0.0667735517722437
39.1,0.0591588278251954,0.0658084723820967
39.15,0.058196802837265,0.064771912635195
39.2,0.0571729550610114,0.0636654815370148
39.25,0.0560888897075795,0.0624908557108459
39.3,0.0549462675495907,0.061249776914378
39.35,0.0537468024837814,0.0599440495066607
39.4,0.0524922590588331,0.0585755378688713
39.45,0.051184449971675,0.0571461637823417
39.5,0.0498252335355563,0.0556579037673146
39.55,0.0484165111231372,0.0541127863858754
39.6,0.0469602245878748,0.052512889512535
39.65,0.0454583536669334,0.0508603375759169
39.7,0.0439129133688449,0.0491572987749974
39.75,0.0423259513491173,0.0474059822733399
39.8,0.040699545276954,0.0456086353747414
39.85,0.0390358001962277,0.0437675406836921
39.9,0.0373368458838117,0.0418850132540306
39.95,0.0356048342083317,0.0399633977291369
40,0.0338419364923699,0.0380050654769922
40.05,0.0320503408810989,0.0360124117233835
40.1,0.0302322497202877,0.0339878526865088
40.15,0.0283898769465567,0.0319338227161776
40.2,0.0265254454927326,0.029852771440788
40.25,0.0246411847110672,0.0277471609251783
40.3,0.0227393278170586,0.0256194628424349
40.35,0.0208221093565285,0.0234721556626596
40.4,0.0188917626985614,0.0213077218616551
40.45,0.0169505175568568,0.0191286451524435
40.5,0.0150005975419403,0.0169374077424275
40.55,0.0130442177466698,0.0147364876190003
40.6,0.0110835823673495,0.0125283558662936
40.65,0.00912088236272766,0.0103154740157166
40.7,0.00715829315306724,0.0081002914328536
40.75,0.00519797236139602,0.00588524274321739
40.8,0.0032420575989963,0.00367274529929544
40.85,0.00129266429707333,0.0014651966912246
40.9,0.000648116413491076,0.000735027696617793
40.95,0.00257821977251159,0.00292557708092351
41,0.00449560940926696,0.00510412762454703
41.05,0.00639827930801524,0.00726838472934154
41.1,0.00828425571871063,0.00941608527480766
41.15,0.0101515990114254,0.0115449998006674
41.2,0.0119984054730968,0.0136529346316015
41.25,0.0138228090452793,0.0157377339424441
41.3,0.0156229830016845,0.017797281762236
41.35,0.0173971415643521,0.0198295039156078
41.4,0.0191435414574079,0.0218323699000659
41.45,0.0208604833974286,0.0238038946978405
41.5,0.0225463135195242,0.0257421405210328
41.55,0.0241994247383303,0.0276452184888977
41.6,0.025818258043199,0.0295112902361946
41.65,0.0274013037269351,0.0313385694515987
41.7,0.0289471025475384,0.0331253233452944
41.75,0.0304542468224645,0.0348698740449251
41.8,0.0319213814550308,0.0365705999191888
41.85,0.0333472048926394,0.0382259368284386
41.9,0.0347304700166032,0.039834379301744
41.95,0.0360699849634164,0.0413944816399581
42,0.0373646138774026,0.0429048589444155
42.05,0.0386132775947422,0.0443641880709718
42.1,0.0398149542589676,0.0457712085091919
42.15,0.0409686798680777,0.0471247231865599
42.2,0.0420735487535017,0.0484235991976793
42.25,0.043128713991229,0.0496667684585208
42.3,0.0441333877454592,0.0508532282858262
42.35,0.0450868415452351,0.0519820419018969
42.4,0.0459884064945608,0.0530523388650397
42.45,0.046837473416586,0.0540633154260367
42.5,0.0476334929325087,0.0550142348110836
42.55,0.0483759754758853,0.0559044274316986
42.6,0.0490644912431385,0.0567332910221935
42.65,0.0496986700810785,0.0575002907053658
42.7,0.0502782013123272,0.0582049589871271
42.75,0.0508028334995924,0.0588468956808709
42.8,0.0512723741497801,0.0594257677624263
42.85,0.0516866893590118,0.0599413091565357
42.9,0.052045703399625,0.0603933204558192
42.95,0.0523493982503286,0.0607816685732914
43,0.052597813070687,0.061106286329513
43.05,0.0527910436211959,0.0613671719755532
43.1,0.0529292416302086,0.0615643886529582
43.15,0.0530126141090587,0.0616980637920052
43.2,0.0530414226167198,0.0617683884495416
43.25,0.05301598247542,0.0617756165877883
43.3,0.0529366619386254,0.0617200642954953
43.35,0.0528038813128742,0.0616021089529215
43.4,0.0526181120349366,0.0614221883421124
43.45,0.052379875705842,0.0611807997040213
43.5,0.0520897430833147,0.0608784987440443
43.55,0.0517483330341787,0.0605158985875539
43.6,0.0513563114483509,0.0600936686870988
43.65,0.0509143901160116,0.059612533682908
43.7,0.0504233255695973,0.0590732722184121
43.75,0.0498839178922662,0.0584767157125046
43.8,0.0492970094944781,0.0578237470902714
43.85,0.0486634838603881,0.0571152994739799
43.9,0.0479842642657118,0.0563523548360961
43.95,0.0472603124687663,0.0555359426161431
44,0.0464926273763716,0.0546671383032152
44.05,0.0456822436863257,0.0537470619859899
44.1,0.044830230508135,0.0527768768720659
44.15,0.0439376899637164,0.0517577877784944
44.2,0.0430057557697589,0.0506910395953514
44.25,0.0420355918034519,0.0495779157242276
44.3,0.0410283906532519,0.0484197364934847
44.35,0.0399853721563867,0.0472178575521605
44.4,0.038907781924761,0.045973668244384
44.45,0.0377968898609279,0.0446885899661571
44.5,0.036653988665776,0.0433640745063687
44.55,0.0354803923395713,0.0420016023738842
44.6,0.034277434677973,0.0406026811125597
44.65,0.0330464677646207,0.0391688436059967
44.7,0.0317888604618986,0.0377016463738785
44.75,0.0305059969014152,0.0362026678616654
44.8,0.0291992749757641,0.034673506725455
44.85,0.0278701048330835,0.0331157801137753
44.9,0.0265199073759027,0.0315311219480482
44.95,0.0251501127657672,0.0299211812034777
45,0.0237621589350685,0.028287620192043
45.05,0.0223574901075187,0.0266321128493064
45.1,0.0209375553286438,0.024956343026674
45.15,0.0195038070076684,0.0232620027907568
45.2,0.018057699472119,0.0215507907314293
45.25,0.0166006875364485,0.0198244102801652
45.3,0.0151342250859444,0.0180845680401945
45.35,0.0136597636771506,0.0163329721299848
45.4,0.012178751156027,0.0145713305415594
45.45,0.0106926302949759,0.0128013495150572
45.5,0.00920283744989264,0.0110247319309809
45.55,0.0077108012383246,0.00924317572149844
45.6,0.00621794123979311,0.0074583723021322
45.65,0.00472566671930188,0.00567200502515141
45.7,0.00323537537500912,0.00388574765592396
45.75,0.00174845211101492,0.00210126287345623
45.8,0.000266267836160727,0.000320200796312244
45.85,0.00120982171029314,0.00145580246495683
45.9,0.00267847710528244,0.00322512622775303
45.95,0.00413837636005459,0.00498616662867853
46,0.00558821600905335,0.0067373379850851
46.05,0.0070267121688447,0.0084770741259217
46.1,0.0084526015664421,0.0102038296909723
46.15,0.00986464253637635,0.0119160813975621
46.2,0.0112616159859502,0.013612329273912
46.25,0.0126423263281113,0.015291097858306
46.3,0.0140056023814511,0.01695093736334
46.35,0.0153502982368527,0.0185904248045087
46.4,0.0166752940903755,0.0202081650924739
46.45,0.0179794970419717,0.021802792088376
46.5,0.0192618418597118,0.023372969621613
46.55,0.020521291709185,0.0249173924695316
46.6,0.0217568388478309,0.0264347872985503
46.65,0.0229675052839572,0.0279239135662522
46.7,0.0241523434002569,0.0293835643840375
46.75,0.0253104365416754,0.0308125673399794
46.8,0.0264408995675048,0.0322097852815503
46.85,0.0275428793676317,0.0335741170579484
46.9,0.0286155553428989,0.034904498221786
46.95,0.0296581398495649,0.0361999016899405
47,0.0306698786079042,0.0374593383634254
47.05,0.0316500510749993,0.0386818577061619
47.1,0.0325979707818363,0.0398665482825891
47.15,0.0335129856348255,0.041012538254077
47.2,0.034394478181919,0.0421189958341598
47.25,0.0352418658435259,0.0431851297026366
47.3,0.036054601108439,0.0442101893786229
47.35,0.0368321716950584,0.0451934655526937
47.4,0.0375741006781796,0.0461342903782681
47.45,0.038279946581679,0.0470320377224441
47.5,0.0389493034374445,0.0478861233765242
47.55,0.039581800810922,0.04869600522649
47.6,0.0401771037936882,0.049461183383753
47.65,0.0407349129634764,0.0501812002765018
47.7,0.0412549643121087,0.050855640702034
47.75,0.041737029141822,0.0514841318404695
47.8,0.042180913930482,0.0520663432302886
47.85,0.0425864601662151,0.0526019867061486
47.9,0.0429535441520142,0.0530908162994991
47.95,0.0432820767808716,0.0535326281024885
48,0.0435720032820446,0.0539272600957433
48.05,0.0438233029390555,0.054274591940584
48.1,0.0440359887800474,0.054574544736279
48.15,0.0442101072411543,0.0548270807429806
48.2,0.0443457378035324,0.0550322030709787
48.25,0.0444429926047396,0.0551899553369616
48.3,0.0445020160251486,0.0553004212879739
48.35,0.044522984250101,0.0553637243937934
48.4,0.04450610480852,0.0553800274084604
48.45,0.0444516160887125,0.0553495319017242
48.5,0.0443597868321035,0.0552724777611778
48.55,0.044230915605643,0.0551491426658647
48.6,0.0440653302536709,0.0549798415321857
48.65,0.0438633873299743,0.0547649259329013
48.7,0.0436254715108466,0.05450478349009
48.75,0.0433519949899109,0.0541998372428992
48.8,0.0430433968555031,0.0538505449909476
48.85,0.0427001424514101,0.0534573986142625
48.9,0.0423227227217606,0.0530209233706221
48.95,0.0419116535408609,0.0525416771711949
49,0.0414674750287991,0.0520202498353885
49.05,0.0409907508535981,0.0514572623257881
49.1,0.0404820675207453,0.0508533659641244
49.15,0.0399420336508878,0.0502092416291622
49.2,0.0393712792465133,0.0495255989374518
49.25,0.0387704549484034,0.0488031754078483
49.3,0.0381402312826826,0.048042735610742
49.35,0.0374812978992357,0.047245070302914
49.4,0.036794362802311,0.0464109955489536
49.45,0.0360801515740865,0.0455413518301624
49.5,0.0353394065919858,0.0446370031418706
49.55,0.0345728862405294,0.0436988360800927
49.6,0.0337813641184827,0.0427277589184404
49.65,0.0329656282420835,0.0417247006762184
49.7,0.0321264802450868,0.0406906101786042
49.75,0.0312647345763956,0.0396264551098355
49.8,0.0303812176960042,0.0385332210602905
49.85,0.0294767672699976,0.0374119105683739
49.9,0.0285522313653171,0.0362635421580793
49.95,0.0276084676450171,0.0350891493731274
50,0.0266463425646959,0.0338897798085273
50.05,0.0256667305708078,0.0326664941404437
50.1,0.0246705133015221,0.0314203651552116
50.15,0.0236585787907954,0.0301524767783362
50.2,0.0226318206763097,0.0288639231043119
50.25,0.0215911374119201,0.0275558074280783
50.3,0.0205374314852264,0.0262292412789118
50.35,0.0194716086408914,0.0248853434575476
50.4,0.0183945771102935,0.0235252390773127
50.45,0.0173072468481063,0.0221500586100274
50.5,0.0162105287763605,0.02076093693743
50.55,0.0151053340365474,0.0193590124088487
50.6,0.0139925732503055,0.0179454259058566
50.65,0.0128731557892028,0.0165213199145949
50.7,0.0117479890541199,0.0150878376064545
50.75,0.0106179777647342,0.0136461219277966
50.8,0.00948402325956669,0.0121973146993509
50.85,0.00834702280705304,0.0107425557259323
50.9,0.00720786892807593,0.00928298191709289
50.95,0.00606744873038808,0.00781972641931286
51,0.00492664325532391,0.00635391776030133
51.05,0.00378632683719363,0.00488667900598258
51.1,0.00264736647573488,0.00341912693070172
51.15,0.00151062122197191,0.001952371201183
51.2,0.000376941577820533,0.000487513574737141
51.25,0.000752831090236542,0.000974352887782946
51.3,0.00187786512309997,0.00243214459381922
51.35,0.00299733912634733,0.00388478817528649
51.4,0.00411044251260036,0.00533122122866623
51.45,0.00521637602870646,0.00677039303860139
51.5,0.00631435226750817,0.00820126528460467
51.55,0.00740359616397238,0.00962281273051198
51.6,0.00848334547549244,0.0110340238963384
51.65,0.00955285124616042,0.0124339017121843
51.7,0.0106113782548563,0.0138214641539083
51.75,0.0116582054469958,0.0151957448602605
51.8,0.0126926263497976,0.0165557937312
51.85,0.0137139494709657,0.0179006775071682
51.9,0.0147214986806677,0.0192294803290583
51.95,0.0157146135767283,0.0205413042786844
52,0.0166926498329784,0.021835269899561
52.05,0.0176549795306778,0.0231105166978002
52.1,0.0186009914730019,0.0243662036229917
52.15,0.0195300914825412,0.0256015095289155
52.2,0.0204417026818245,0.0268156336139779
52.25,0.0213352657568523,0.0280077958412675
52.3,0.0222102392036706,0.0291772373381508
52.35,0.0230660995580148,0.0303232207753473
52.4,0.0239023416080676,0.031445030725435
52.45,0.0247184785903957,0.0325419740007652
52.5,0.0255140423691381,0.03361337997077
52.55,0.0262885835985213,0.0346586008586733
52.6,0.0270416718688283,0.0356770120176314
52.65,0.0277728958358939,0.0366680121863371
52.7,0.028481863334291,0.0376310237241514
52.75,0.0291682014743085,0.0385654928258333
52.8,0.0298315567228916,0.0394708897159495
52.85,0.0304715949686925,0.0403467088230823
52.9,0.0310880015714002,0.0411924689339373
52.95,0.0316804813955293,0.0420077133274958
53,0.0322487588288671,0.0427920098893572
53.05,0.0327925777857578,0.0435449512064308
53.1,0.0333117016954562,0.0442661546421525
53.15,0.0338059134757524,0.0449552623924161
53.2,0.034275015492097,0.045611941522419
53.25,0.0347188295024725,0.0462358839846397
53.3,0.0351371965882397,0.0468268066181665
53.35,0.0355299770712219,0.047384451129622
53.4,0.0358970504172754,0.0479085840559245
53.45,0.0362383151266219,0.0483989967091553
53.5,0.0365536886112091,0.0488555051037954
53.55,0.0368431070593771,0.0492779498666146
53.6,0.0371065252881197,0.0496661961295026
53.65,0.0373439165832251,0.0500201334055433
53.7,0.0375552725276051,0.0503396754486429
53.75,0.0377406028180872,0.0506247600970199
53.8,0.0378999350710056,0.0508753491008972
53.85,0.038033314616879,0.051091427934715
53.9,0.0381408042844968,0.0512730055942165
53.95,0.0382224841747306,0.0514201143787466
54,0.0382784514243912,0.0515328096591221
54.05,0.0383088199604491,0.0516111696314322
54.1,0.0383137202449573,0.0516552950571352
54.15,0.0382932990109888,0.0516653089898257
54.2,0.0382477189899306,0.0516413564890438
54.25,0.038177158630463,0.0515836043215145
54.3,0.0380818118095552,0.0514922406501961
54.35,0.0379618875358139,0.051367474711532
54.4,0.0378176096455238,0.0512095364812977
54.45,0.0376492164917018,0.0510186763294328
54.5,0.0374569606265252,0.050795164664271
54.55,0.0372411084774408,0.0505392915665521
54.6,0.0370019400173162,0.0502513664136313
54.65,0.0367397484289502,0.0499317174942853
54.7,0.0364548397642864,0.0495806916145241
54.75,0.0361475325986572,0.04919865369481
54.8,0.0358181576803935,0.0487859863590988
54.85,0.0354670575761285,0.0483430895161064
54.9,0.0350945863121206,0.047870379933209
54.95,0.0347011090119244,0.0473682908033797
55,0.0342870015307359,0.0468372713055855
55.05,0.0338526500867219,0.0462777861590247
55.1,0.0333984508896647,0.0456903151716295
55.15,0.0329248097672285,0.0450753527832287
55.2,0.0324321417891587,0.0444334076037658
55.25,0.0319208708897317,0.0437650019469865
55.3,0.0313914294887451,0.0430706713599738
55.35,0.0308442581113616,0.0423509641489324
55.4,0.0302798050071005,0.0416064409016202
55.45,0.0296985257682612,0.0408376740067943
55.5,0.0291008829480814,0.0400452471710761
55.55,0.0284873456788985,0.0392297549335981
55.6,0.0278583892906084,0.0383918021788209
55.65,0.0272144949296813,0.0375320036478806
55.7,0.0265561491790187,0.0366509834488457
55.75,0.0258838436789032,0.0357493745662296
55.8,0.0251980747493087,0.034827818370135
55.85,0.0244993430138227,0.0338869641253614
55.9,0.0237881530254287,0.0329274685008453
55.95,0.0230650128943934,0.0319499950797548
56,0.0223304339184949,0.0309552138705853
56.05,0.0215849302158234,0.0299438008195817
56.1,0.0208290183603831,0.0289164373248136
56.15,0.020063217020718,0.0278738097522268
56.2,0.0192880466017619,0.026816608953962
56.25,0.018504028890145,0.0257455297892767
56.3,0.0177116867031335,0.0246612706483389
56.35,0.0169115435414244,0.0235645329792143
56.4,0.0161041232459589,0.022456020818296
56.45,0.0152899496589668,0.0213364403244994
56.5,0.0144695462893929,0.0202064993174497
56.55,0.0136434359828958,0.0190669068199569
56.6,0.0128121405965811,0.0179183726050293
56.65,0.0119761806786186,0.0167616067476605
56.7,0.0111360751529097,0.0155973191816554
56.75,0.010292341008941,0.0144262192617124
56.8,0.00944549299697185,0.0132490153309999
56.85,0.0085960433286856,0.0120664142944447
56.9,0.0077445013834334,0.0108791211979449
56.95,0.0068913734201909,0.00968783881371007
57,0.00603716229535144,0.00849326723194104
57.05,0.00518236718644767,0.00729610345901423
57.1,0.00432748332192326,0.0060970410223786
57.15,0.00347300171703916,0.00489676958232659
57.2,0.00261940891601009,0.00369597455080947
57.25,0.00176718674045465,0.00249533671745949
57.3,0.000916812044237559,0.00129553188296818
57.35,6.87564747759127e-05,9.7230499966961e-05
57.4,0.000776513759120685,0.00109890267844949
57.45,0.00161853811281999,0.00229220894243305
57.5,0.00245686192479125,0.00348203596120218
57.55,0.00329103662882565,0.00466773811084482
57.6,0.00412061995952673,0.0058486767940205
57.65,0.00494517615101466,0.00702422075143779
57.7,0.00576427612882538,0.00819374636502981
57.75,0.00657749769496703,0.00935663795273225
57.8,0.00738442570612429,0.0105122880547971
57.85,0.00818465224498066,0.0116600977115577
57.9,0.00897777678465795,0.0127994767325892
57.95,0.00976340634626414,0.0139298439572109
58,0.0105411556495411,0.0150506275062613
58.05,0.0113106472566356,0.016161265025137
58.1,0.0120715117089744,0.0172612039180147
58.15,0.0128233876572847,0.0183499015732693
58.2,0.0135659219847571,0.0194268255800294
58.25,0.0142987699233896,0.0204914539358838
58.3,0.0150215951635254,0.0215432752456982
58.35,0.0157340699566278,0.0225817889115641
58.4,0.0164358752113234,0.0236065053138682
58.45,0.0171267005827481,0.0246169459834842
58.5,0.0178062445552567,0.0256126437651289
58.55,0.018474214518514,0.0265931429718555
58.6,0.0191303268370598,0.0275579995307658
58.65,0.0197743069133585,0.0285067811199145
58.7,0.0204058892444348,0.0294390672964995
58.75,0.0210248174721173,0.0303544496163204
58.8,0.0216308444269969,0.0312525317446149
58.85,0.022223732166131,0.0321329295582661
58.9,0.0228032520045915,0.0329952712394825
58.95,0.0233691845409209,0.0338391973609843
59,0.0239213196765786,0.0346643609627832
59.05,0.0244594566294513,0.0354704276206083
59.1,0.0249834039415248,0.0362570755060696
59.15,0.0254929794807874,0.0370239954386295
59.2,0.0259880104374646,0.0377708909294685
59.25,0.0264683333146714,0.0384974782173373
59.3,0.0269337939135795,0.0392034862964806
59.35,0.0273842473131876,0.0398886569367395
59.4,0.0278195578448018,0.0405527446959159
59.45,0.0282395990613161,0.0411955169245213
59.5,0.028644253701399,0.0418167537629984
59.55,0.029033413648694,0.0424162481315415
59.6,0.0294069798861243,0.0429938057126144
59.65,0.0297648624454242,0.0435492449262934
59.7,0.0301069803519929,0.0440823968985466
59.75,0.0304332615651822,0.0445931054225746
59.8,0.0307436429141336,0.0450812269133362
59.85,0.031038070029267,0.0455466303553836
59.9,0.0313164972695384,0.0459891972441417
59.95,0.0315788876455784,0.0464088215207523
60,0.0318252127388225,0.0468054095006277
60.05,0.0320554526167548,0.0471788797958461
60.1,0.032269595744369,0.0475291632315143
60.15,0.0324676388919677,0.0478562027562542
60.2,0.0326495870394229,0.0481599533469388
60.25,0.0328154532769983,0.0484403819078297
60.3,0.0329652587028635,0.0486974671642492
60.35,0.0330990323174092,0.0489311995509397
60.4,0.0332168109144812,0.0491415810952497
60.45,0.0333186389696513,0.0493286252952942
60.5,0.0334045685256411,0.0494923569932387
60.55,0.033474659075013,0.0496328122438511
60.6,0.0335289774402466,0.0497500381784709
60.65,0.0335675976513143,0.0498440928645455
60.7,0.0335906008208724,0.0499150451608793
60.75,0.0335980750171839,0.0499629745687503
60.8,0.0335901151348828,0.0499879710790397
60.85,0.0335668227636946,0.0499901350155218
60.9,0.0335283060552335,0.0499695768744733
60.95,0.0334746795879758,0.0499264171607401
61,0.0334060642305313,0.0498607862204171
61.05,0.0333225870033115,0.049772824070289
61.1,0.0332243809387241,0.0496626802241781
61.15,0.0331115849399769,0.0495305135163528
61.2,0.032984343638617,0.0493764919221354
61.25,0.0328428072509044,0.0492007923758622
61.3,0.032687131433128,0.0490036005863415
61.35,0.032517477135963,0.0487851108499504
61.4,0.0323340104579783,0.0485455258615182
61.45,0.0321369024983909,0.048285056523136
61.5,0.0319263292091692,0.0480039217510398
61.55,0.0317024712465845,0.0477023482806996
61.6,0.0314655138223047,0.0473805704702625
61.65,0.0312156465541332,0.0470388301024824
61.7,0.0309530633164736,0.0466773761852726
61.75,0.030677962090631,0.0462964647510228
61.8,0.0303905448150239,0.0458963586548052
61.85,0.0300910172354083,0.0454773273716114
61.9,0.0297795887551965,0.0450396467927407
61.95,0.0294564722859558,0.0445835990214792
62,0.029121884098178,0.0441094721681893
62.05,0.0287760436723903,0.0436175601449347
62.1,0.0284191735507086,0.0431081624597724
62.15,0.0280514991888863,0.0425815840108228
62.2,0.0276732488089648,0.042038134880246
62.25,0.027284653252574,0.0414781301282383
62.3,0.0268859458349818,0.0409018895871643
62.35,0.0264773621999465,0.040309737655939
62.4,0.0260591401754457,0.0397020030947719
62.45,0.0256315196303678,0.0390790188203851
62.5,0.0251947423322004,0.0384411217018047
62.55,0.0247490518058124,0.0377886523568413
62.6,0.0242946931933747,0.037121954949354
62.65,0.0238319131154823,0.0364413769874015
62.7,0.0233609595335481,0.0357472691223845
62.75,0.0228820816135068,0.0350399849492629
62.8,0.0223955295909038,0.0343198808079543
62.85,0.0219015546374134,0.0335873155859992
62.9,0.0214004087288324,0.0328426505225823
62.95,0.0208923445146149,0.032086249013999
63,0.0203776151889824,0.0313184764206501
63.05,0.0198564743636587,0.0305396998756476
63.1,0.0193291759422788,0.0297502880951116
63.15,0.0187959739965118,0.0289506111902345
63.2,0.0182571226439349,0.028141040481191
63.25,0.0177128759277004,0.0273219483129612
63.3,0.0171634876980386,0.0264937078731444
63.35,0.0166092114956181,0.0256566930118224
63.4,0.016050300436811,0.0248112780635485
63.45,0.0154870071008849,0.0239578376715165
63.5,0.0149195834191626,0.0230967466139752
63.55,0.0143482805661613,0.0222283796329468
63.6,0.0137733488527561,0.0213531112653019
63.65,0.0131950376213775,0.0204713156762502
63.7,0.012613595143279,0.0195833664952936
63.75,0.0120292685178864,0.018689636654696
63.8,0.0114423035742515,0.0177904982305089
63.85,0.0108529447746325,0.0168863222862051
63.9,0.0102614351202112,0.0159774787189607
63.95,0.00966801605897006,0.0150643361086212
64,0.00907292739573271,0.0141472615693952
64.05,0.00847640720438888,0.0132266206043083
64.1,0.00787869174231078,0.0123027769624501
64.15,0.00728001536696641,0.0113760924990478
64.2,0.00668061045474643,0.0104469270383946
64.25,0.00608070732199796,0.00951563823965557
64.3,0.00548053414828394,0.00858258146558519
64.35,0.00488031690185929,0.00764810965416697
64.4,0.00428027926737357,0.00671257319321
64.45,0.00368064257579985,0.00577631979790609
64.5,0.00308162573657943,0.00483969439137539
64.55,0.00248344517200203,0.00390303898821135
64.6,0.00188631475378864,0.0029666925810328
64.65,0.001290445741907,0.00203099103007177
64.7,0.000696046725574377,0.00109626695576964
64.75,0.000103323566481996,0.000162849634436738
64.8,0.000487520655801405,0.00076893510306315
64.85,0.00107628569622961,0.00169876496956894
64.9,0.00166277419451541,0.00262632131683808
64.95,0.00224679172319166,0.00355128922770647
65,0.00282814683353572,0.00447335760521082
65.05,0.00340665109933888,0.00539221925865765
65.1,0.0039821191585669,0.00630757098666015
65.15,0.00455436875290423,0.00721911365714332
65.2,0.00512322076520257,0.00812655228432032
65.25,0.00568849925486467,0.00902959610266293
65.3,0.00625003149115838,0.00992795863786241
65.35,0.00680764798449747,0.0108213577748063
65.4,0.00736118251570157,0.011709515822574
65.45,0.00791047216325373,0.0125921595764736
65.5,0.00845535732858435,0.0134690203771434
65.55,0.00899568175939214,0.0143398341667132
65.6,0.00953129257102975,0.0152043415420701
65.65,0.0100620402659844,0.0160622878052381
65.7,0.0105877787514605,0.0169134230108888
65.75,0.0111083653551042,0.0177575020110161
65.8,0.0116236608388869,0.0185942844967954
65.85,0.012133529411172,0.0194235350376454
65.9,0.0126378387369966,0.0202450231175329
65.95,0.0131364599465872,0.0210585231685302
66,0.0136292676421433,0.0218638146016733
66.05,0.0141161399029096,0.0226606818351312
66.1,0.0145969582885717,0.0234489143197305
66.15,0.0150716078409948,0.0242283065618581
66.2,0.0155399770843383,0.0249986581437739
66.25,0.0160019580235806,0.0257597737413768
66.3,0.0164574461414689,0.0265114631394376
66.35,0.0169063403939403,0.0272535412443583
66.4,0.0173485432040302,0.0279858280944645
66.45,0.0177839604543016,0.0287081488678903
66.5,0.018212501477833,0.0294203338880796
66.55,0.0186340790477857,0.0301222186269449
66.6,0.0190486093655803,0.0308136437057128
66.65,0.0194560120477271,0.0314944548935104
66.7,0.0198562101113172,0.03216450310371
66.75,0.0202491299582361,0.0328236443880932
66.8,0.0206347013580954,0.033471739928851
66.85,0.021012857429947,0.0341086560284814
66.9,0.0213835346227894,0.0347342640976061
66.95,0.0217466726948999,0.0353484406407561
67,0.0221022146920373,0.0359510672401704
67.05,0.0224501069245302,0.0365420305376378
67.1,0.0227902989432867,0.037121222214432
67.15,0.0231227435147645,0.0376885389693765
67.2,0.0234473965949228,0.0382438824950858
67.25,0.0237642173021881,0.0387871594524193
67.3,0.0240731678894726,0.0393182814431938
67.35,0.0243742137152677,0.0398371649811957
67.4,0.0246673232138455,0.040343731461536
67.45,0.0249524678645991,0.0408379071283819
67.5,0.0252296221605553,0.0413196230411279
67.55,0.0254987635760829,0.0417888150390239
67.6,0.0257598725338347,0.0422454237043196
67.65,0.026012932370947,0.0426893943239616
67.7,0.0262579293045261,0.0431206768498863
67.75,0.02649485239646,0.0435392258579504
67.8,0.0267236935175715,0.0439450005055423
67.85,0.0269444473111483,0.0443379644879118
67.9,0.0271571111558858,0.0447180859932717
67.95,0.0273616851282546,0.0450853376566941
68,0.0275581719643344,0.0454396965128652
68.05,0.0277465770211401,0.0457811439477199
68.1,0.0279269082374624,0.0461096656490119
68.15,0.0280991760942497,0.0464252515558478
68.2,0.0282633935745746,0.046727895807243
68.25,0.0284195761231819,0.0470175966897173
68.3,0.0285677416056739,0.0472943565839884
68.35,0.0287079102673433,0.0475581819107995
68.4,0.0288401046916799,0.0478090830759126
68.45,0.0289643497585836,0.0480470744143129
68.5,0.0290806726022981,0.0482721741336646
68.55,0.0291891025691026,0.0484844042570531
68.6,0.029289671174777,0.0486837905650538
68.65,0.0293824120618622,0.0488703625371589
68.7,0.0294673609567483,0.0490441532926128
68.75,0.029544555626609,0.0492051995306796
68.8,0.0296140358362005,0.0493535414703834
68.85,0.0296758433045555,0.0494892227897669
68.9,0.0297300216615882,0.0496122905646826
68.95,0.0297766164046352,0.0497227952071766
69,0.0298156748549473,0.0498207904034816
69.05,0.0298472461141665,0.0499063330516594
69.1,0.0298713810207909,0.0499794831989315
69.15,0.0298881321066589,0.0500403039787193
69.2,0.0298975535534731,0.0500888615474409
69.25,0.0298997011493746,0.0501252250210833
69.3,0.0298946322455905,0.0501494664115916
69.35,0.0298824057131802,0.0501616605631038
69.4,0.0298630818998791,0.0501618850880547
69.45,0.0298367225870847,0.0501502203031929
69.5,0.0298033909469742,0.0501267491655304
69.55,0.0297631514997895,0.0500915572082512
69.6,0.0297160700712958,0.0500447324766225
69.65,0.0296622137504349,0.0499863654639164
69.7,0.0296016508471868,0.0499165490473891
69.75,0.0295344508506505,0.0498353784243274
69.8,0.0294606843873649,0.0497429510482031
69.85,0.0293804231798838,0.0496393665649534
69.9,0.029293740005609,0.0495247267494085
69.95,0.0292007086559063,0.0493991354419053
70,0.0291014038955133,0.0492626984850978
70.05,0.028995901422248,0.0491155236609898
70.1,0.028884277827032,0.048957720628224
70.15,0.0287666105542479,0.0487894008596341
70.2,0.0286429778624278,0.0486106775800935
70.25,0.0285134587852913,0.0484216657046752
70.3,0.0283781330931498,0.0482224817771501
70.35,0.028237081254674,0.0480132439088372
70.4,0.0280903843990442,0.047794071717827
70.45,0.0279381242784873,0.0475650862686028
70.5,0.0277803832312138,0.0473264100120721
70.55,0.027617244144759,0.0470781667260255
70.6,0.0274487904197403,0.0468204814560479
70.65,0.0272751059340363,0.0465534804568927
70.7,0.0270962750073929,0.0462772911343323
70.75,0.0269123823664702,0.0459920419875138
70.8,0.0267235131103312,0.0456978625518185
70.85,0.0265297526763763,0.0453948833422514
70.9,0.026331186806744,0.0450832357973756
70.95,0.0261279015151603,0.0447630522237935
71,0.0259199830542641,0.0444344657412002
71.05,0.0257075178833993,0.0440976102280175
71.1,0.0254905926368888,0.0437526202676172
71.15,0.0252692940927842,0.0433996310951556
71.2,0.0250437091421006,0.0430387785450118
71.25,0.0248139247585471,0.0426701989988638
71.3,0.0245800279687391,0.0422940293343909
71.35,0.0243421058229136,0.0419104068746293
71.4,0.0241002453661396,0.0415194693379758
71.45,0.0238545336100311,0.0411213547888598
71.5,0.0236050575049584,0.0407162015890842
71.55,0.0233519039127677,0.0403041483498457
71.6,0.0230951595800117,0.0398853338844434
71.65,0.0228349111116766,0.03945989716168
71.7,0.0225712449454293,0.0390279772599595
71.75,0.0223042473263682,0.0385897133220979
71.8,0.0220340042822878,0.0381452445108369
71.85,0.0217606015994534,0.0376947099650776
71.9,0.0214841247988839,0.0372382487568386
71.95,0.021204659113155,0.0367759998489317
72,0.0209222894636987,0.0363081020533726
72.05,0.0206371004386284,0.0358346939905208
72.1,0.0203491762710626,0.0353559140489566
72.15,0.0200586008179612,0.0348719003460961
72.2,0.0197654575394705,0.0343827906895427
72.25,0.0194698294787682,0.0338887225391881
72.3,0.0191717992424219,0.0333898329700496
72.35,0.018871448981241,0.0328862586358586
72.4,0.0185688603716355,0.0323781357333858
72.45,0.0182641145974687,0.0318655999675272
72.5,0.0179572923324111,0.0313487865171198
72.55,0.0176484737227787,0.0308278300015147
72.6,0.0173377383708743,0.030302864447892
72.65,0.0170251653188063,0.0297740232593196
72.7,0.0167108330327973,0.0292414391835574
72.75,0.0163948193879735,0.0287052442826035
72.8,0.0160772016536323,0.0281655699029784
72.85,0.0157580564789854,0.0276225466467503
72.9,0.0154374598793714,0.0270763043432955
72.95,0.0151154872229375,0.0265269720217912
73,0.0147922132177885,0.025974677884441
73.05,0.014467711899583,0.0254195492804245
73.1,0.0141420566196038,0.0248617126805777
73.15,0.0138153200332633,0.0243012936527832
73.2,0.0134875740890669,0.0237384168380901
73.25,0.0131588900180087,0.0231732059275335
73.3,0.0128293383234174,0.0226057836396734
73.35,0.0124989887712265,0.0220362716988294
73.4,0.0121679103806751,0.0214647908140194
73.45,0.0118361714154365,0.0208914606585897
73.5,0.011503839375162,0.0203163998505375
73.55,0.0111709809874389,0.019739725933511
73.6,0.0108376622001597,0.0191615553584945
73.65,0.0105039481742927,0.0185820034661619
73.7,0.0101699032770533,0.0180011844698975
73.75,0.00983559107546832,0.0174192114394803
73.8,0.00950107433032801,0.0168361962854194
73.85,0.00916641499052134,0.0162522497439361
73.9,0.00883167418774681,0.0156674813625978
73.95,0.00849691223159818,0.0150819994865704
74,0.00816218860501638,0.0144959112455168
74.05,0.00782756196009812,0.0139093225411042
74.1,0.00749309011426711,0.0133223380351325
74.15,0.00715883004678718,0.0127350611382679
74.2,0.00682483789562452,0.0121475939993765
74.25,0.00649116895464856,0.0115600374954536
74.3,0.0061578776711613,0.0109724912221355
74.35,0.00582501764375831,0.0103850534847895
74.4,0.0054926416205102,0.00979782129017888
74.45,0.0051608014974566,0.00921089033868479
74.5,0.00482954831741317,0.00862435501708804
74.55,0.00449893226908167,0.00803830839189433
74.6,0.00416900268645984,0.00745284220320169
74.65,0.00383980804853972,0.00686804685910081
74.7,0.00351139597929958,0.00628401143059377
74.75,0.00318381324796852,0.00570082364703282
74.8,0.00285710576957595,0.0051185698920659
74.85,0.00253131860576119,0.00453733520007794
74.9,0.00220649596585436,0.00395720325312961
74.95,0.0018826812082135,0.00337825637837556
75,0.00155991684181155,0.00280057554595412
75.05,0.00123824452807184,0.00222424036734826
75.1,0.000917705082948605,0.0016493290942067
75.15,0.000598338479234155,0.00107591861760457
75.2,0.000280183849106543,0.000504084467760543
75.25,3.67205131061221e-05,6.6099185827092e-05
75.3,0.000352337147938717,0.000634559533806806
75.35,0.000666629427591135,0.00120122512599358
75.4,0.000979561552519959,0.00176602586997442
75.45,0.00129109854782882,0.00232889302931508
75.5,0.00160120625946213,0.00288975922137368
75.55,0.00190985135020944,0.00344855841473434
75.6,0.0022170012955162,0.00400522592626331
75.65,0.00252262437912179,0.00455969841779192
75.7,0.00282668968851797,0.00511191389245385
75.75,0.00312916711023548,0.00566181169065986
75.8,0.00343002732496963,0.00620933248573406
75.85,0.00372924180254116,0.00675441827921592
75.9,0.0040267827967022,0.00729701239583507
75.95,0.00432262333979901,0.00783705947817037
76,0.00461673723727717,0.00837450548099005
76.05,0.00490909906205942,0.00890929766530344
76.1,0.00519968414877939,0.00944138459210197
76.15,0.00548846858788654,0.00997071611582499
76.2,0.00577542921962947,0.0104972433775457
76.25,0.00606054362791249,0.0110209187978755
76.3,0.00634379013403974,0.0115416960696197
76.35,0.00662514779034347,0.0120595301501643
76.4,0.00690459637371139,0.0125743772536231
76.45,0.00718211637900514,0.0130861948427404
76.5,0.00745768901238043,0.0135949416205563
76.55,0.00773129618451985,0.0141005775218564
76.6,0.00800292050376761,0.0146030637043926
76.65,0.00827254526918575,0.0151023625398975
76.7,0.00854015446352221,0.0155984376048905
76.75,0.00880573274610699,0.0160912536712921
76.8,0.00906926544567582,0.0165807766968448
76.85,0.00933073855312014,0.01706697381535
76.9,0.00959013871417373,0.01754981332673
76.95,0.00984745322204046,0.0180292646869171
77,0.0101026700099615,0.0185052984975867
77.05,0.0103557776437313,0.0189778864957271
77.1,0.0106067653141619,0.0194470015430644
77.15,0.010855622829499,0.0199126176153363
77.2,0.0111023406078006,0.0203747097914407
77.25,0.0113469096692731,0.0208332542424463
77.3,0.0115893216285699,0.021288228220478
77.35,0.0118295686870574,0.0217396100474864
77.4,0.0120676436250599,0.022187379103907
77.45,0.0123035397940663,0.0226315158172095
77.5,0.0125372511089218,0.0230720016503482
77.55,0.0127687720399995,0.0235088190901178
77.6,0.012998097605352,0.0239419516354205
77.65,0.0132252233628539,0.0243713837854504
77.7,0.0134501454023295,0.0247971010277979
77.75,0.0136728603376732,0.0252190898264838
77.8,0.0138933652989698,0.0256373376099273
77.85,0.0141116579246081,0.0260518327588499
77.9,0.0143277363533934,0.0264625645941226
77.95,0.014541599216668,0.0268695233645633
78,0.0147532456304338,0.027272700234687
78.05,0.0149626751874876,0.0276720872724191
78.1,0.0151698879495586,0.0280676774367581
78.15,0.0153748844394692,0.0284594645654235
78.2,0.0155776656333022,0.0288474433624638
78.25,0.0157782329525922,0.0292316093858473
78.3,0.0159765882565332,0.0296119590350326
78.35,0.0161727338342089,0.0299884895385268
78.4,0.0163666723968491,0.0303611989414301
78.45,0.0165584070701087,0.0307300860929776
78.5,0.0167479413863785,0.0310951506340806
78.55,0.0169352792771211,0.031456392984866
78.6,0.0171204250652464,0.031813814332227
78.65,0.0173033834575132,0.0321674166173788
78.7,0.0174841595369711,0.0325172025234335
78.75,0.0176627587554363,0.0328631754629887
78.8,0.0178391869260109,0.0332053395657375
78.85,0.0180134502156372,0.0335436996661072
78.9,0.0181855551376956,0.0338782612909166
78.95,0.0183555085446531,0.0342090306470779
79,0.0185233176207443,0.0345360146093216
79.05,0.0186889898747077,0.0348592207079625
79.1,0.0188525331325681,0.0351786571167105
79.15,0.0190139555304684,0.0354943326405212
79.2,0.0191732655075455,0.0358062567034893
79.25,0.019330471798869,0.036114439336802
79.3,0.0194855834284234,0.0364188911667357
79.35,0.0196386097021467,0.0367196234027063
79.4,0.0197895602010253,0.0370166478253881
79.45,0.0199384447742448,0.0373099767748799
79.5,0.0200852735323929,0.0375996231389387
79.55,0.0202300568407286,0.0378856003412806
79.6,0.0203728053125019,0.0381679223299452
79.65,0.0205135298023378,0.038446603565727
79.7,0.0206522413996773,0.0387216590106844
79.75,0.0207889514222862,0.0389931041167178
79.8,0.0209236714098157,0.0392609548142226
79.85,0.0210564131174337,0.0395252275008209
79.9,0.0211871885095159,0.0397859390301726
79.95,0.0213160097533993,0.0400431067008631
80,0.0214428892132065,0.0402967482453832
80.05,0.0215678394437249,0.04054688181918
80.1,0.0216908731843607,0.0407935259898046
80.15,0.0218120033531531,0.0410366997261407
80.2,0.0219312430408539,0.0412764223877225
80.25,0.0220486055050833,0.0415127137141502
80.3,0.0221641041645384,0.0417455938145806
80.35,0.0222777525932786,0.0419750831573255
80.4,0.0223895645150792,0.0422012025595414
80.45,0.0224995537978461,0.0424239731770044
80.5,0.0226077344481043,0.0426434164939914
80.55,0.022714120605554,0.0428595543132546
80.6,0.0228187265376921,0.0430724087460909
80.65,0.0229215666345077,0.0432820022025176
80.7,0.0230226554032378,0.0434883573815378
80.75,0.0231220074632046,0.0436914972615148
80.8,0.0232196375407068,0.0438914450906424
80.85,0.0233155604639949,0.0440882243775213
80.9,0.023409791158299,0.0442818588818317
80.95,0.0235023446409433,0.044472372605116
81,0.0235932360165162,0.0446597897816586
81.05,0.0236824804721127,0.0448441348694748
81.1,0.0237700932726495,0.0450254325414031
81.15,0.0238560897562442,0.0452037076762983
81.2,0.0239404853296641,0.0453789853503336
81.25,0.0240232954638438,0.0455512908284076
81.3,0.024104535689473,0.0457206495556581
81.35,0.0241842215926456,0.0458870871490776
81.4,0.0242623688105874,0.0460506293892393
81.45,0.0243389930274374,0.0462113022121256
81.5,0.0244141099701111,0.0463691317010684
81.55,0.0244877354042186,0.0465241440787884
81.6,0.0245598851300559,0.0466763656995441
81.65,0.0246305749786601,0.0468258230413905
81.7,0.0246998208079333,0.0469725426985373
81.75,0.0247676384988289,0.04711655137382
81.8,0.0248340439516039,0.0472578758712692
81.85,0.0248990530821376,0.0473965430887932
81.9,0.0249626818183162,0.0475325800109617
81.95,0.0250249460964748,0.0476660137018949
82,0.0250858618579107,0.0477968712982598
82.05,0.0251454450454593,0.0479251800023718
82.1,0.0252037116001237,0.0480509670753908
82.15,0.0252606774577828,0.0481742598306423
82.2,0.0253163585459427,0.0482950856270146
82.25,0.0253707707805664,0.0484134718624857
82.3,0.0254239300629523,0.0485294459677321
82.35,0.0254758522766816,0.0486430353998545
82.4,0.0255265532846189,0.0487542676361953
82.45,0.0255760489259769,0.0488631701682629
82.5,0.0256243550134378,0.0489697704957536
82.55,0.0256714873303338,0.049074096120677
82.6,0.0257174616278872,0.049176174541578
82.65,0.0257622936225019,0.0492760332478565
82.7,0.0258059989931179,0.0493736997141876
82.75,0.0258485933786209,0.0494692013950437
82.8,0.0258900923753051,0.0495625657193037
82.85,0.0259305115343899,0.0496538200849626
82.9,0.0259698663595963,0.0497429918539411
82.95,0.0260081723047725,0.0498301083469842
83,0.0260454447715747,0.049915196838657
83.05,0.0260816991071995,0.0499982845524308
83.1,0.0261169506021685,0.0500793986558643
83.15,0.0261512144881658,0.0501585662558751
83.2,0.0261845059359247,0.0502358143941023
83.25,0.0262168400531626,0.05031117004236
83.3,0.0262482318825716,0.0503846600981783
83.35,0.0262786963998505,0.0504563113804319
83.4,0.0263082485117918,0.0505261506250624
83.45,0.0263369030544095,0.0505942044808758
83.5,0.0263646747911214,0.0506604995054394
83.55,0.0263915784109714,0.05072506216105
83.6,0.0264176285269024,0.0507879188107987
83.65,0.0264428396740664,0.0508490957147042
83.7,0.0264672263081939,0.0509086190259473
83.75,0.0264908028039897,0.0509665147871657
83.8,0.0265135834535826,0.0510228089268442
83.85,0.0265355824650164,0.0510775272557786
83.9,0.0265568139607798,0.0511306954636161
83.95,0.0265772919763809,0.0511823391154784
84,0.0265970304589564,0.051232483648655
84.05,0.0266160432659306,0.051281154369376
84.1,0.026634344163704,0.0513283764496611
84.15,0.0266519468263856,0.0513741749242353
84.2,0.0266688648345624,0.0514185746875224
84.25,0.0266851116741077,0.0514616004907113
84.3,0.0267007007350197,0.0515032769388884
84.35,0.0267156453103073,0.0515436284882404
84.4,0.026729958594902,0.0515826794433309
84.45,0.0267436536846074,0.0516204539544374
84.5,0.0267567435750832,0.0516569760149578
84.55,0.0267692411608668,0.0516922694588866
84.6,0.0267811592344202,0.0517263579583497
84.65,0.0267925104852145,0.0517592650212031
84.7,0.0268033074988456,0.0517910139887035
84.75,0.0268135627561791,0.0518216280332242
84.8,0.0268232886325281,0.051851130156049
84.85,0.0268324973968588,0.0518795431852133
84.9,0.0268412012110279,0.0519068897734107
84.95,0.0268494121290453,0.0519331923959539
85,0.0268571420963705,0.0519584733487957
